name,abbreviation,staff_tests,staff_tests_with_multiples,weekly_staff_cases,total_staff_cases,weekly_staff_recovered,staff_recovered,weekly_staff_deaths,total_staff_deaths,weekly_prisoner_tests,prisoner_tests,prisoner_tests_with_multiples,weekly_prisoner_cases,total_prisoner_cases,weekly_prisoners_recovered,prisoners_recovered,prisoner_deaths_weekly,total_prisoner_deaths,as_of_date,notes,weekly_cases
Michigan,MI,,,0.0,,,0.0,0.0,0.0,0.0,0.0,,24.0,24.0,,0.0,0.0,0.0,2020-03-26,,
Michigan,MI,,,25.0,25.0,,0.0,1.0,1.0,0.0,0.0,,98.0,122.0,,0.0,1.0,1.0,2020-04-01,,
Michigan,MI,,,112.0,137.0,,0.0,1.0,2.0,460.0,460.0,,183.0,305.0,,0.0,1.0,2.0,2020-04-08,,
Michigan,MI,,,44.0,181.0,,0.0,0.0,2.0,288.0,748.0,,176.0,481.0,,0.0,11.0,13.0,2020-04-15,,
Michigan,MI,,,49.0,230.0,,0.0,0.0,2.0,341.0,1089.0,,236.0,717.0,,0.0,12.0,25.0,2020-04-22,,
Michigan,MI,,,38.0,268.0,,0.0,0.0,2.0,2028.0,3117.0,,695.0,1412.0,,0.0,16.0,41.0,2020-04-29,,
Michigan,MI,,,25.0,293.0,,0.0,0.0,2.0,4996.0,8113.0,,661.0,2073.0,,0.0,6.0,47.0,2020-05-06,,
Michigan,MI,,,20.0,313.0,,0.0,0.0,2.0,9986.0,18099.0,,100.0,2173.0,,0.0,8.0,55.0,2020-05-13,,
Michigan,MI,,,23.0,336.0,,0.0,0.0,2.0,17661.0,35760.0,,1089.0,3262.0,,0.0,4.0,59.0,2020-05-20,,
Michigan,MI,1826.0,,23.0,359.0,,0.0,0.0,2.0,2385.0,38145.0,,79.0,3341.0,292.0,292.0,3.0,62.0,2020-05-27,,
Michigan,MI,,,9.0,368.0,238.0,238.0,0.0,2.0,-198.0,37947.0,,577.0,3918.0,1776.0,2068.0,6.0,68.0,2020-06-02,"Michigan revised the number of prisoners tested this week after finding some prisoners were inadvertently counted twice, or the numbers of people in an entire prison were reported rather than the number tested.",
Michigan,MI,1946.0,,2.0,370.0,70.0,308.0,0.0,2.0,50.0,37997.0,,30.0,3948.0,168.0,2236.0,0.0,68.0,2020-06-09,,
Michigan,MI,2283.0,,2.0,372.0,10.0,318.0,0.0,2.0,125.0,38122.0,,34.0,3982.0,0.0,2236.0,0.0,68.0,2020-06-16,,
Michigan,MI,,,3.0,375.0,0.0,318.0,0.0,2.0,69.0,38191.0,,9.0,3991.0,131.0,2367.0,0.0,68.0,2020-06-23,,
Michigan,MI,,,1.0,376.0,18.0,336.0,0.0,2.0,109.0,38300.0,,24.0,4015.0,300.0,2667.0,0.0,68.0,2020-06-30,"An earlier version of the number of staff recovered had a typo, and has been corrected.",
Michigan,MI,,,7.0,383.0,11.0,347.0,1.0,3.0,44.0,38344.0,,5.0,4020.0,344.0,3011.0,0.0,68.0,2020-07-07,,
Michigan,MI,,,2.0,385.0,0.0,347.0,0.0,3.0,-717.0,37627.0,,-219.0,3801.0,65.0,3076.0,0.0,68.0,2020-07-14,"Michigan's prisoner test numbers fell by 717 and cases dropped by 219. ""Our Bureau of Health Care Services has been conducting an audit of cases to make sure only unique positives and negatives were reported. They found some duplicates that needed to be removed, so that cause numbers to drop.""",
Michigan,MI,,,12.0,397.0,1.0,348.0,0.0,3.0,-438.0,37189.0,,69.0,3870.0,509.0,3585.0,0.0,68.0,2020-07-21,"Michigan said it has been auditing its testing numbers to ensure they are counting unique prisoners and not total number of tests, and thus adjusted their figures downward this week. They said they have finished their audit and don't anticipate future such adjustments.",
Michigan,MI,,,14.0,411.0,20.0,368.0,0.0,3.0,55.0,37244.0,,7.0,3877.0,1.0,3586.0,0.0,68.0,2020-07-28,,
Michigan,MI,,,4.0,415.0,0.0,368.0,0.0,3.0,81.0,37325.0,,160.0,4037.0,9.0,3595.0,0.0,68.0,2020-08-04,Michigan later updated its number of prisoners tested after it miscalculated the number for that day.,
Michigan,MI,,,9.0,424.0,0.0,368.0,0.0,3.0,79.0,37404.0,,275.0,4312.0,3.0,3598.0,0.0,68.0,2020-08-11,,
Michigan,MI,,,15.0,439.0,0.0,368.0,0.0,3.0,89.0,37493.0,,299.0,4611.0,2.0,3600.0,0.0,68.0,2020-08-18,,
Michigan,MI,,,9.0,448.0,37.0,405.0,0.0,3.0,12.0,37505.0,,482.0,5093.0,186.0,3786.0,1.0,69.0,2020-08-25,,
Michigan,MI,,,10.0,458.0,3.0,408.0,0.0,3.0,179.0,37684.0,,67.0,5160.0,1.0,3787.0,0.0,69.0,2020-09-01,,
Michigan,MI,,,22.0,480.0,2.0,410.0,0.0,3.0,160.0,37844.0,,238.0,5398.0,121.0,3908.0,0.0,69.0,2020-09-08,,
Michigan,MI,,,13.0,493.0,24.0,434.0,0.0,3.0,169.0,38013.0,,25.0,5423.0,119.0,4027.0,1.0,70.0,2020-09-15,,
Michigan,MI,,,6.0,499.0,12.0,446.0,0.0,3.0,0.0,38013.0,38212.0,103.0,5526.0,341.0,4368.0,2.0,72.0,2020-09-22,,
Michigan,MI,,,17.0,516.0,0.0,446.0,0.0,3.0,0.0,38013.0,38301.0,21.0,5547.0,325.0,4693.0,0.0,72.0,2020-09-29,,
Michigan,MI,,16500.0,14.0,530.0,0.0,446.0,0.0,3.0,557.0,38570.0,98184.0,25.0,5572.0,129.0,4822.0,1.0,73.0,2020-10-06,,
Michigan,MI,,,63.0,593.0,14.0,460.0,0.0,3.0,400.0,38970.0,117252.0,166.0,5738.0,294.0,5116.0,1.0,74.0,2020-10-13,,
Michigan,MI,,29061.0,131.0,724.0,46.0,506.0,0.0,3.0,120.0,39090.0,139208.0,469.0,6207.0,25.0,5141.0,0.0,74.0,2020-10-20,The number of prisoners tested and total number of tests for this week were incorrectly transcribed. They have been updated.,
Michigan,MI,,36490.0,102.0,826.0,2.0,508.0,0.0,3.0,101.0,39191.0,170860.0,410.0,6617.0,64.0,5205.0,0.0,74.0,2020-10-27,,
Michigan,MI,,36490.0,94.0,920.0,1.0,509.0,0.0,3.0,91.0,39282.0,196489.0,667.0,7284.0,3.0,5208.0,0.0,74.0,2020-11-03,,
Michigan,MI,,51283.0,263.0,1183.0,5.0,514.0,0.0,3.0,89.0,39371.0,229095.0,1011.0,8295.0,23.0,5231.0,0.0,74.0,2020-11-10,,
Michigan,MI,,59035.0,285.0,1468.0,191.0,705.0,0.0,3.0,129.0,39500.0,255441.0,1468.0,9763.0,22.0,5253.0,1.0,75.0,2020-11-17,,
Michigan,MI,,65980.0,274.0,1742.0,194.0,899.0,0.0,3.0,84.0,39584.0,288501.0,2349.0,12112.0,530.0,5783.0,2.0,77.0,2020-11-24,,
Michigan,MI,,73119.0,239.0,1981.0,0.0,899.0,0.0,3.0,156.0,39740.0,319405.0,1828.0,13940.0,287.0,6070.0,11.0,88.0,2020-12-01,,
Michigan,MI,,80064.0,325.0,2306.0,0.0,899.0,0.0,3.0,55.0,39795.0,343582.0,3240.0,17180.0,176.0,6246.0,6.0,94.0,2020-12-08,,
Michigan,MI,,80064.0,253.0,2559.0,667.0,1566.0,0.0,3.0,10.0,39805.0,348848.0,2826.0,20006.0,235.0,6481.0,5.0,99.0,2020-12-15,,
Michigan,MI,,89203.0,205.0,2764.0,268.0,1834.0,1.0,4.0,142.0,39947.0,384125.0,645.0,20651.0,4364.0,10845.0,9.0,108.0,2020-12-22,vaccine numbers sent via email from PIO,
Michigan,MI,,93239.0,166.0,2930.0,3.0,1837.0,0.0,4.0,94.0,40041.0,402143.0,971.0,21622.0,-13.0,10832.0,8.0,116.0,2020-12-29,"Recovered prisoners dropped this week. Michigan spokesman wrote ""Any prisoner who tests positive after 90 days from a previous positive is considered a new infection, and so when that happens, they are moved from the recovered column.""",
Michigan,MI,,98158.0,137.0,3067.0,0.0,1837.0,0.0,4.0,48.0,40089.0,418846.0,1007.0,22629.0,-17.0,10815.0,5.0,121.0,2021-01-05,"Recovered prisoners dropped this week. Michigan spokesman wrote ""Any prisoner who tests positive after 90 days from a previous positive is considered a new infection, and so when that happens, they are moved from the recovered column.""",
Michigan,MI,,109911.0,125.0,3192.0,0.0,1837.0,0.0,4.0,62.0,40151.0,433511.0,706.0,23335.0,4001.0,14816.0,2.0,123.0,2021-01-12,,
Michigan,MI,,109911.0,102.0,3294.0,40.0,1877.0,0.0,4.0,74.0,40225.0,449732.0,413.0,23748.0,2470.0,17286.0,4.0,127.0,2021-01-19,,
Michigan,MI,,119910.0,114.0,3408.0,0.0,1877.0,0.0,4.0,157.0,40382.0,466640.0,372.0,24120.0,1952.0,19238.0,5.0,132.0,2021-01-26,,
Michigan,MI,,125935.0,66.0,3474.0,1135.0,3012.0,0.0,4.0,82.0,40464.0,481931.0,269.0,24389.0,1450.0,20688.0,1.0,133.0,2021-02-02,,
Ohio,OH,,,0.0,0.0,0.0,0.0,0.0,0.0,17.0,17.0,,0.0,0.0,0.0,0.0,0.0,0.0,2020-03-26,,
Ohio,OH,,,0.0,0.0,0.0,0.0,0.0,0.0,8.0,25.0,,0.0,0.0,0.0,0.0,0.0,0.0,2020-04-01,,
Ohio,OH,,,53.0,53.0,0.0,0.0,1.0,1.0,59.0,84.0,,19.0,19.0,0.0,0.0,0.0,0.0,2020-04-08,,
Ohio,OH,,,106.0,159.0,0.0,0.0,0.0,1.0,1073.0,1157.0,,254.0,273.0,0.0,0.0,3.0,3.0,2020-04-15,,
Ohio,OH,,,172.0,331.0,0.0,0.0,0.0,1.0,4039.0,5196.0,,3519.0,3792.0,0.0,0.0,10.0,13.0,2020-04-22,These tests are only completed. They aren't reporting total tested or pending results yet. Ohio later revised its numbers of covid related deaths.,
Ohio,OH,,,88.0,419.0,0.0,0.0,1.0,2.0,480.0,5676.0,,98.0,3890.0,0.0,0.0,15.0,28.0,2020-04-29,Ohio later revised its numbers of COVID-related deaths.,
Ohio,OH,,,64.0,483.0,0.0,0.0,0.0,2.0,1246.0,6922.0,,422.0,4312.0,0.0,0.0,12.0,40.0,2020-05-06,Ohio later revised its numbers of COVID-related deaths.,
Ohio,OH,,,73.0,556.0,0.0,0.0,0.0,2.0,619.0,7541.0,,137.0,4449.0,0.0,0.0,11.0,51.0,2020-05-13,The number of deaths for this omitted two probable COVID-related deaths and has been updated. Ohio later revised its number of COVID-related deaths downward after reviewing death certificates.,
Ohio,OH,,,66.0,622.0,0.0,0.0,2.0,4.0,726.0,8267.0,,101.0,4550.0,0.0,0.0,10.0,61.0,2020-05-20,Ohio later revised its numbers of COVID-related deaths downward after reviewing final death certificates.,
Ohio,OH,,,38.0,660.0,491.0,491.0,0.0,4.0,1076.0,9343.0,,144.0,4694.0,4137.0,4137.0,9.0,70.0,2020-05-27,"After reviewing death certificates, Ohio later revised its number of deaths.",
Ohio,OH,,,15.0,675.0,32.0,523.0,0.0,4.0,808.0,10151.0,,75.0,4769.0,6.0,4143.0,5.0,75.0,2020-06-02,"After reviewing death certificates, Ohio later revised its number of deaths.",
Ohio,OH,,,56.0,731.0,66.0,589.0,0.0,4.0,1386.0,11537.0,,89.0,4858.0,-10.0,4133.0,0.0,75.0,2020-06-10,"The number of prisoners recovered dropped. A spokeswoman said it's a snapshot in time and some may have been released since last week. We're trying to get a cumulative total figure. The prisoner deaths tally does NOT include an additional prisoner death that is considered 'likely' covid but not confirmed. After reviewing death certificates, Ohio later revised its number of confirmed deaths in several facilities including Chillicothe Correctional Institution, Marion, Pickaway and Franklin Medical Center.",
Ohio,OH,,,14.0,745.0,21.0,610.0,1.0,5.0,831.0,12368.0,,50.0,4908.0,21.0,4154.0,4.0,79.0,2020-06-16,"The recovered figures from Ohio are only a snapshot, and not cumulative, and the prisoners recovered has dropped slightly in recent weeks. This week's data initially omitted seven covid-related deaths that were later added back. After reviewing death certificates, Ohio later revised its number of confirmed deaths in several facilities including Chillicothe Correctional Institution, Belmont and Pickaway.",
Ohio,OH,,,21.0,766.0,67.0,677.0,0.0,5.0,1171.0,13539.0,,42.0,4950.0,0.0,4154.0,1.0,80.0,2020-06-23,"After reviewing death certificates, Ohio later revised its number of confirmed deaths in several facilities including Chillicothe Correctional Institution, Belmont and Pickaway.",
Ohio,OH,,,33.0,799.0,8.0,685.0,0.0,5.0,1056.0,14595.0,,52.0,5002.0,92.0,4246.0,2.0,82.0,2020-06-30,"After reviewing death certificates, Ohio later revised its number of confirmed deaths in several facilities including Chillicothe Correctional Institution, Belmont and Pickaway.",
Ohio,OH,,,39.0,838.0,14.0,699.0,0.0,5.0,958.0,15553.0,,53.0,5055.0,0.0,4246.0,0.0,82.0,2020-07-07,"After reviewing death certificates, Ohio later revised its number of confirmed deaths in several facilities including Chillicothe Correctional Institution, Belmont and Pickaway.",
Ohio,OH,,,28.0,866.0,20.0,719.0,0.0,5.0,1209.0,16762.0,,27.0,5082.0,-31.0,4215.0,0.0,82.0,2020-07-14,"After reviewing death certificates, Ohio later revised its number of confirmed deaths in several facilities including Chillicothe Correctional Institution, Belmont and Pickaway.",
Ohio,OH,,,39.0,905.0,61.0,780.0,0.0,5.0,1179.0,17941.0,,50.0,5132.0,48.0,4263.0,2.0,84.0,2020-07-21,"After reviewing death certificates, Ohio later revised its number of confirmed deaths in several facilities including Chillicothe Correctional Institution, Belmont and Pickaway.",
Ohio,OH,,,35.0,940.0,18.0,798.0,0.0,5.0,1160.0,19101.0,,63.0,5195.0,37.0,4300.0,0.0,84.0,2020-07-28,"After reviewing death certificates, Ohio later revised its number of confirmed deaths in several facilities including Chillicothe Correctional Institution, Belmont and Pickaway.",
Ohio,OH,,,30.0,970.0,26.0,824.0,0.0,5.0,1385.0,20486.0,,88.0,5283.0,0.0,4300.0,0.0,84.0,2020-08-04,"After reviewing death certificates, Ohio later revised its number of confirmed deaths in several facilities including Chillicothe Correctional Institution, Belmont, Marion and Pickaway.",
Ohio,OH,,,27.0,997.0,49.0,873.0,0.0,5.0,1456.0,21942.0,,118.0,5401.0,39.0,4339.0,2.0,86.0,2020-08-11,,
Ohio,OH,,,38.0,1035.0,40.0,913.0,0.0,5.0,1240.0,23182.0,,268.0,5669.0,25.0,4364.0,1.0,87.0,2020-08-18,,
Ohio,OH,,,17.0,1052.0,21.0,934.0,0.0,5.0,1229.0,24411.0,,114.0,5783.0,138.0,4502.0,2.0,89.0,2020-08-25,,
Ohio,OH,,,23.0,1075.0,66.0,1000.0,0.0,5.0,1143.0,25554.0,,112.0,5895.0,220.0,4722.0,1.0,90.0,2020-09-01,,
Ohio,OH,,,16.0,1091.0,30.0,1030.0,0.0,5.0,935.0,26489.0,,82.0,5977.0,71.0,4793.0,1.0,91.0,2020-09-08,The number of recovered prisoners was incorrect this week and has been updated.,
Ohio,OH,,,28.0,1119.0,22.0,1052.0,0.0,5.0,2124.0,28613.0,,135.0,6112.0,80.0,4873.0,3.0,94.0,2020-09-15,,
Ohio,OH,,,26.0,1145.0,30.0,1082.0,0.0,5.0,1315.0,29928.0,,82.0,6194.0,20.0,4893.0,3.0,97.0,2020-09-22,,
Ohio,OH,,,49.0,1194.0,30.0,1112.0,0.0,5.0,1366.0,31294.0,,124.0,6318.0,95.0,4988.0,3.0,100.0,2020-09-29,,
Ohio,OH,,,57.0,1251.0,32.0,1144.0,0.0,5.0,1945.0,33239.0,,181.0,6499.0,15.0,5003.0,0.0,100.0,2020-10-06,,
Ohio,OH,,,64.0,1315.0,25.0,1169.0,0.0,5.0,1385.0,34624.0,,85.0,6584.0,85.0,5088.0,2.0,102.0,2020-10-13,,
Ohio,OH,,,61.0,1376.0,75.0,1244.0,0.0,5.0,1595.0,36219.0,,130.0,6714.0,198.0,5286.0,2.0,104.0,2020-10-20,,
Ohio,OH,,,71.0,1447.0,60.0,1304.0,0.0,5.0,1374.0,37593.0,,120.0,6834.0,71.0,5357.0,3.0,107.0,2020-10-27,,
Ohio,OH,,,122.0,1569.0,63.0,1367.0,0.0,5.0,1410.0,39003.0,,125.0,6959.0,51.0,5408.0,2.0,109.0,2020-11-03,,
Ohio,OH,,,163.0,1732.0,111.0,1478.0,0.0,5.0,1372.0,40375.0,,162.0,7121.0,155.0,5563.0,2.0,111.0,2020-11-10,,
Ohio,OH,,,251.0,1983.0,97.0,1575.0,0.0,5.0,,,42077.0,178.0,7299.0,100.0,5663.0,0.0,111.0,2020-11-17,,
Ohio,OH,,,260.0,2243.0,187.0,1762.0,0.0,5.0,,,43222.0,264.0,7563.0,45.0,5708.0,2.0,113.0,2020-11-24,,
Ohio,OH,,,301.0,2544.0,201.0,1963.0,2.0,7.0,,,44412.0,232.0,7795.0,157.0,5865.0,2.0,115.0,2020-12-01,"Ohio revised its November numbers slightly, and we've adjusted this week's totals accordingly.",
Ohio,OH,,,307.0,2851.0,323.0,2286.0,0.0,7.0,,,45726.0,236.0,8031.0,218.0,6083.0,1.0,116.0,2020-12-08,,
Ohio,OH,,,257.0,3108.0,301.0,2587.0,0.0,7.0,,,47571.0,258.0,8289.0,216.0,6299.0,2.0,118.0,2020-12-15,,
Ohio,OH,,,401.0,3509.0,273.0,2860.0,1.0,8.0,,,49100.0,99.0,8388.0,221.0,6520.0,2.0,120.0,2020-12-22,,
Ohio,OH,,,225.0,3734.0,234.0,3094.0,0.0,8.0,,,50257.0,362.0,8750.0,173.0,6693.0,7.0,127.0,2020-12-29,"Ohio has begun distributing vaccines to prisons, but they do not have numbers yet of people vaccinated.",
Ohio,OH,,,178.0,3912.0,295.0,3389.0,0.0,8.0,,,51404.0,118.0,8868.0,109.0,6802.0,0.0,127.0,2021-01-05,,
Ohio,OH,,,308.0,4220.0,423.0,3812.0,0.0,8.0,,,53333.0,178.0,9046.0,152.0,6954.0,2.0,129.0,2021-01-15,,
Ohio,OH,,,130.0,4350.0,215.0,4027.0,1.0,9.0,,,54462.0,108.0,9154.0,52.0,7006.0,2.0,131.0,2021-01-22,,
Ohio,OH,,,105.0,4455.0,144.0,4171.0,0.0,9.0,,,55810.0,86.0,9240.0,67.0,7073.0,1.0,132.0,2021-01-29,,
Ohio,OH,,,73.0,4528.0,128.0,4299.0,1.0,10.0,,,56978.0,91.0,9331.0,,7157.0,1.0,133.0,2021-02-05,,
Alabama,AL,,,1.0,1.0,,,,0.0,,,,,0.0,,,0.0,0.0,2020-03-26,,
Alabama,AL,,,1.0,2.0,,,,0.0,17.0,17.0,,,0.0,,,0.0,0.0,2020-03-31,,
Alabama,AL,,,0.0,2.0,,,,0.0,13.0,30.0,,,0.0,,,0.0,0.0,2020-04-06,,
Alabama,AL,,,4.0,6.0,,,,0.0,20.0,50.0,,,0.0,,,0.0,0.0,2020-04-13,,
Alabama,AL,,,2.0,8.0,,,,0.0,13.0,63.0,,,4.0,,,1.0,1.0,2020-04-21,,
Alabama,AL,,,5.0,13.0,,,,0.0,15.0,78.0,,,4.0,,,0.0,1.0,2020-04-28,,
Alabama,AL,,,4.0,17.0,,,,0.0,24.0,102.0,,,8.0,,,0.0,1.0,2020-05-06,,
Alabama,AL,,,8.0,25.0,,,,0.0,23.0,125.0,,,9.0,,,0.0,1.0,2020-05-13,,
Alabama,AL,,,11.0,36.0,,,,0.0,13.0,138.0,,,9.0,,,0.0,1.0,2020-05-19,,
Alabama,AL,,,19.0,55.0,10.0,10.0,,0.0,14.0,152.0,,,11.0,8.0,8.0,0.0,1.0,2020-05-26,,
Alabama,AL,,,13.0,68.0,7.0,17.0,,0.0,24.0,176.0,,,19.0,0.0,8.0,0.0,1.0,2020-06-01,,
Alabama,AL,,,34.0,102.0,10.0,27.0,,0.0,44.0,220.0,,,27.0,0.0,8.0,1.0,2.0,2020-06-09,,
Alabama,AL,,,29.0,131.0,6.0,33.0,,0.0,45.0,265.0,,,43.0,6.0,14.0,2.0,4.0,2020-06-15,,
Alabama,AL,,,18.0,149.0,20.0,53.0,,0.0,24.0,289.0,,,54.0,0.0,14.0,0.0,4.0,2020-06-23,,
Alabama,AL,,,17.0,166.0,31.0,84.0,1.0,1.0,40.0,329.0,,,68.0,4.0,18.0,3.0,7.0,2020-06-30,,
Alabama,AL,,,18.0,184.0,16.0,100.0,1.0,2.0,161.0,490.0,,,97.0,10.0,28.0,3.0,10.0,2020-07-07,,
Alabama,AL,568.0,,36.0,220.0,31.0,131.0,0.0,2.0,0.0,490.0,,,138.0,1.0,29.0,2.0,12.0,2020-07-14,,
Alabama,AL,,,49.0,269.0,20.0,151.0,0.0,2.0,174.0,664.0,,,165.0,12.0,41.0,2.0,14.0,2020-07-22,,
Alabama,AL,,,22.0,291.0,15.0,166.0,0.0,2.0,72.0,736.0,,,199.0,73.0,114.0,1.0,15.0,2020-07-28,,
Alabama,AL,,,18.0,309.0,9.0,175.0,0.0,2.0,304.0,1040.0,,,215.0,27.0,141.0,1.0,16.0,2020-08-04,,
Alabama,AL,,,28.0,337.0,25.0,200.0,0.0,2.0,229.0,1269.0,,,238.0,26.0,167.0,0.0,16.0,2020-08-11,,
Alabama,AL,,,11.0,348.0,70.0,270.0,0.0,2.0,124.0,1393.0,,,323.0,21.0,188.0,2.0,18.0,2020-08-18,,
Alabama,AL,,,5.0,353.0,6.0,276.0,0.0,2.0,0.0,1393.0,,,336.0,66.0,254.0,1.0,19.0,2020-08-25,Alabama's data for this week was later revised with updated numbers after initially the wrong number of prisoner cases was reported.,
Alabama,AL,,,12.0,365.0,54.0,330.0,0.0,2.0,333.0,1726.0,,,353.0,50.0,304.0,1.0,20.0,2020-09-02,,
Alabama,AL,,,8.0,373.0,10.0,340.0,0.0,2.0,160.0,1886.0,,,386.0,13.0,317.0,0.0,20.0,2020-09-07,,
Alabama,AL,,,4.0,377.0,1.0,341.0,0.0,2.0,68.0,1954.0,,,403.0,17.0,334.0,1.0,21.0,2020-09-14,,
Alabama,AL,,,8.0,385.0,0.0,341.0,0.0,2.0,57.0,2011.0,,,408.0,36.0,370.0,1.0,22.0,2020-09-21,,
Alabama,AL,,,13.0,398.0,22.0,363.0,0.0,2.0,68.0,2079.0,,,415.0,7.0,377.0,1.0,23.0,2020-09-28,,
Alabama,AL,,,13.0,411.0,1.0,364.0,0.0,2.0,718.0,2797.0,,,439.0,4.0,381.0,2.0,25.0,2020-10-05,,
Alabama,AL,,,4.0,415.0,5.0,369.0,0.0,2.0,358.0,3155.0,,,441.0,1.0,382.0,1.0,26.0,2020-10-14,,
Alabama,AL,,,24.0,439.0,15.0,384.0,0.0,2.0,,,3270.0,,459.0,5.0,387.0,1.0,27.0,2020-10-19,,
Alabama,AL,,,16.0,455.0,4.0,388.0,0.0,2.0,,,5339.0,,532.0,29.0,416.0,0.0,27.0,2020-10-26,Updated this week's totals after seeing last week's numbers we caught halfway into a daily update.,
Alabama,AL,,,35.0,490.0,17.0,405.0,0.0,2.0,,,6554.0,,711.0,42.0,458.0,1.0,28.0,2020-11-02,,
Alabama,AL,,,52.0,542.0,3.0,408.0,0.0,2.0,,6783.0,,,751.0,38.0,496.0,4.0,32.0,2020-11-11,,
Alabama,AL,,,40.0,582.0,5.0,413.0,0.0,2.0,,,6852.0,,775.0,23.0,519.0,0.0,32.0,2020-11-16,,
Alabama,AL,,,63.0,645.0,22.0,435.0,0.0,2.0,,,6984.0,,834.0,205.0,724.0,2.0,34.0,2020-11-27,,
Alabama,AL,,,23.0,667.0,4.0,439.0,1.0,2.0,,,7032.0,,855.0,11.0,735.0,0.0,34.0,2020-11-30,,
Alabama,AL,,,62.0,729.0,40.0,479.0,0.0,2.0,,,10584.0,,1033.0,47.0,782.0,9.0,43.0,2020-12-09,,
Alabama,AL,,,40.0,769.0,23.0,502.0,0.0,2.0,,,10805.0,,1068.0,162.0,944.0,5.0,48.0,2020-12-14,,
Alabama,AL,,,26.0,795.0,16.0,518.0,0.0,2.0,,,11111.0,,1094.0,35.0,979.0,6.0,54.0,2020-12-21,,
Alabama,AL,,,9.0,804.0,11.0,529.0,0.0,2.0,,,12671.0,,1161.0,24.0,1003.0,0.0,54.0,2020-12-28,,
Alabama,AL,,,0.0,804.0,0.0,529.0,0.0,2.0,,,12671.0,,1161.0,0.0,1003.0,0.0,54.0,2021-01-05,,
Alabama,AL,,,59.0,863.0,21.0,550.0,0.0,2.0,,,14447.0,,1262.0,23.0,1026.0,0.0,54.0,2021-01-12,,
Alabama,AL,,,44.0,907.0,224.0,774.0,1.0,3.0,,,14552.0,,1294.0,112.0,1138.0,3.0,57.0,2021-01-18,,
Alabama,AL,,,44.0,951.0,26.0,800.0,0.0,3.0,,,14694.0,,1369.0,60.0,1198.0,3.0,60.0,2021-01-25,,
Alabama,AL,,,27.0,978.0,17.0,817.0,0.0,3.0,,,14773.0,,1413.0,8.0,1206.0,0.0,60.0,2021-02-02,,
Wisconsin,WI,,,5.0,5.0,,,,0.0,,,,,0.0,,,,0.0,2020-03-26,,
Wisconsin,WI,,,4.0,9.0,,,,0.0,,,,,0.0,,,,0.0,2020-04-01,,
Wisconsin,WI,,,2.0,11.0,,,,0.0,,91.0,,4.0,4.0,,,,0.0,2020-04-08,,
Wisconsin,WI,,,3.0,14.0,,,,0.0,,96.0,,6.0,10.0,,,,0.0,2020-04-15,,
Wisconsin,WI,,,2.0,16.0,,,,0.0,,117.0,,3.0,13.0,,,,0.0,2020-04-22,,
Wisconsin,WI,,,2.0,18.0,,,,0.0,,137.0,,5.0,18.0,,,,0.0,2020-04-29,,
Wisconsin,WI,,,5.0,23.0,,,,0.0,,155.0,,2.0,20.0,,,,0.0,2020-05-06,,
Wisconsin,WI,,,5.0,28.0,,,,0.0,,174.0,,0.0,20.0,,,,0.0,2020-05-13,,
Wisconsin,WI,,,5.0,33.0,,,,0.0,,782.0,,20.0,40.0,,,,0.0,2020-05-20,,
Wisconsin,WI,,,6.0,39.0,25.0,25.0,,0.0,,1467.0,,25.0,65.0,31.0,31.0,,0.0,2020-05-27,,
Wisconsin,WI,,,15.0,54.0,5.0,30.0,,0.0,,5785.0,,193.0,258.0,1.0,32.0,,0.0,2020-06-02,,
Wisconsin,WI,,,8.0,62.0,11.0,41.0,,0.0,,7066.0,,2.0,260.0,44.0,76.0,,0.0,2020-06-09,,
Wisconsin,WI,,,3.0,65.0,18.0,59.0,,0.0,,9152.0,,4.0,264.0,182.0,258.0,,0.0,2020-06-16,,
Wisconsin,WI,,,1.0,66.0,6.0,65.0,,0.0,,,13268.0,6.0,270.0,3.0,261.0,0.0,0.0,2020-06-23,,
Wisconsin,WI,,,3.0,69.0,0.0,65.0,,0.0,,14476.0,,8.0,278.0,1.0,262.0,0.0,0.0,2020-06-30,,
Wisconsin,WI,,,13.0,82.0,1.0,66.0,,0.0,,,17412.0,5.0,283.0,11.0,273.0,0.0,0.0,2020-07-07,,
Wisconsin,WI,,,10.0,92.0,4.0,70.0,,0.0,,,19371.0,8.0,291.0,7.0,280.0,0.0,0.0,2020-07-14,,
Wisconsin,WI,,,1.0,93.0,12.0,82.0,,0.0,,,24717.0,5.0,296.0,6.0,286.0,0.0,0.0,2020-07-21,,
Wisconsin,WI,,,22.0,115.0,12.0,94.0,,0.0,,,25251.0,3.0,299.0,7.0,293.0,0.0,0.0,2020-07-28,,
Wisconsin,WI,,,11.0,126.0,6.0,100.0,,0.0,,,25798.0,8.0,307.0,2.0,295.0,0.0,0.0,2020-08-04,,
Wisconsin,WI,,,10.0,136.0,23.0,123.0,,0.0,,26236.0,,12.0,319.0,1.0,296.0,0.0,0.0,2020-08-11,,
Wisconsin,WI,,,18.0,154.0,11.0,134.0,,0.0,,26980.0,,64.0,383.0,5.0,301.0,0.0,0.0,2020-08-18,,
Wisconsin,WI,,,36.0,190.0,11.0,145.0,,0.0,,28763.0,,241.0,624.0,41.0,342.0,0.0,0.0,2020-08-25,,
Wisconsin,WI,,,30.0,220.0,32.0,177.0,,0.0,,,30751.0,149.0,773.0,82.0,424.0,0.0,0.0,2020-09-01,,
Wisconsin,WI,,,14.0,234.0,30.0,207.0,,0.0,,,35189.0,125.0,898.0,185.0,609.0,0.0,0.0,2020-09-08,,
Wisconsin,WI,,,25.0,259.0,21.0,228.0,,0.0,,,36411.0,55.0,953.0,154.0,763.0,0.0,0.0,2020-09-15,,
Wisconsin,WI,,,45.0,304.0,25.0,253.0,,0.0,,,37497.0,124.0,1077.0,113.0,876.0,0.0,0.0,2020-09-22,,
Wisconsin,WI,,,89.0,393.0,36.0,289.0,,0.0,,,41233.0,496.0,1573.0,128.0,1004.0,0.0,0.0,2020-09-29,,
Wisconsin,WI,,,118.0,511.0,102.0,391.0,,0.0,,,44379.0,427.0,2000.0,62.0,1066.0,2.0,2.0,2020-10-06,,
Wisconsin,WI,,,108.0,619.0,83.0,474.0,,0.0,,,46114.0,542.0,2542.0,384.0,1450.0,3.0,3.0,2020-10-13,,
Wisconsin,WI,,,95.0,714.0,105.0,579.0,,0.0,,,48361.0,431.0,2973.0,581.0,2031.0,3.0,3.0,2020-10-20,,
Wisconsin,WI,,,172.0,886.0,109.0,688.0,,0.0,,,52156.0,872.0,3845.0,407.0,2438.0,3.0,3.0,2020-10-27,,
Wisconsin,WI,,,154.0,1040.0,136.0,824.0,,,,,56168.0,904.0,4749.0,557.0,2995.0,7.0,10.0,2020-11-03,,
Wisconsin,WI,,,241.0,1281.0,149.0,973.0,,,,,60927.0,996.0,5745.0,957.0,3952.0,0.0,10.0,2020-11-10,,
Wisconsin,WI,,,253.0,1534.0,233.0,1206.0,,,,,66437.0,1302.0,7047.0,929.0,4881.0,0.0,10.0,2020-11-17,,
Wisconsin,WI,,,207.0,1741.0,260.0,1466.0,,,,,71246.0,1179.0,8226.0,1353.0,6234.0,1.0,11.0,2020-11-24,,
Wisconsin,WI,,,107.0,1848.0,192.0,1658.0,,,,,71952.0,232.0,8458.0,988.0,7222.0,0.0,11.0,2020-12-01,,
Wisconsin,WI,,,126.0,1974.0,144.0,1802.0,,,,,74524.0,937.0,9395.0,909.0,8131.0,5.0,16.0,2020-12-08,,
Wisconsin,WI,,,80.0,2054.0,88.0,1890.0,,,,,76566.0,171.0,9566.0,691.0,8822.0,3.0,19.0,2020-12-15,,
Wisconsin,WI,,,108.0,2162.0,147.0,2037.0,,,,,78297.0,73.0,9639.0,436.0,9258.0,0.0,19.0,2020-12-22,,
Wisconsin,WI,,,27.0,2189.0,60.0,2097.0,,,,,79306.0,607.0,10246.0,275.0,9533.0,4.0,23.0,2020-12-29,,
Wisconsin,WI,,,71.0,2260.0,89.0,2186.0,,,,,79958.0,230.0,10476.0,493.0,10026.0,0.0,23.0,2021-01-05,,
Wisconsin,WI,,,79.0,2339.0,52.0,2238.0,,,,,82279.0,68.0,10544.0,192.0,10218.0,2.0,25.0,2021-01-12,,
Wisconsin,WI,,,38.0,2377.0,57.0,2295.0,,,,,84692.0,98.0,10642.0,154.0,10372.0,0.0,25.0,2021-01-19,,
Wisconsin,WI,,,38.0,2415.0,54.0,2349.0,,,,,85970.0,103.0,10745.0,34.0,10406.0,0.0,25.0,2021-01-26,,
Wisconsin,WI,,,,2437.0,43.0,2392.0,,,,,87243.0,38.0,10783.0,59.0,10465.0,0.0,25.0,2021-02-02,,
Georgia,GA,,,0.0,,,0.0,,0.0,,,,4.0,4.0,,0.0,1.0,1.0,2020-03-26,,
Georgia,GA,,,12.0,12.0,,0.0,,0.0,,,,7.0,11.0,,0.0,0.0,1.0,2020-04-01,,
Georgia,GA,,,28.0,40.0,,0.0,,0.0,,,,25.0,36.0,,0.0,1.0,2.0,2020-04-09,"For most weeks prior to Sept. 15, the prisoner cases and recoveries for Georgia inadvertently counted some cases in private prisons and county facilities twice. These figures have been corrected throughout.",
Georgia,GA,,,26.0,66.0,,0.0,1.0,1.0,,,,31.0,67.0,,0.0,1.0,3.0,2020-04-15,"For most weeks prior to Sept. 15, the prisoner cases and recoveries for Georgia inadvertently counted some cases in private prisons and county facilities twice. These figures have been corrected throughout.",
Georgia,GA,,,11.0,77.0,,0.0,0.0,1.0,,,,88.0,155.0,,0.0,1.0,4.0,2020-04-22,,
Georgia,GA,,,9.0,86.0,,0.0,0.0,1.0,,,,73.0,228.0,,0.0,4.0,8.0,2020-04-29,,
Georgia,GA,,,14.0,100.0,,0.0,0.0,1.0,,,,74.0,302.0,,0.0,2.0,10.0,2020-05-06,"For most weeks prior to Sept. 15, the prisoner cases and recoveries for Georgia inadvertently counted some cases in private prisons and county facilities twice. These figures have been corrected throughout.",
Georgia,GA,,,40.0,140.0,,0.0,0.0,1.0,,,,68.0,370.0,,0.0,2.0,12.0,2020-05-13,"For most weeks prior to Sept. 15, the prisoner cases and recoveries for Georgia inadvertently counted some cases in private prisons and county facilities twice. These figures have been corrected throughout.",
Georgia,GA,,,12.0,152.0,,0.0,0.0,1.0,,,,31.0,401.0,,0.0,3.0,15.0,2020-05-20,"For most weeks prior to Sept. 15, the prisoner cases and recoveries for Georgia inadvertently counted some cases in private prisons and county facilities twice. These figures have been corrected throughout.",
Georgia,GA,,,7.0,159.0,95.0,95.0,0.0,1.0,,,,14.0,415.0,277.0,277.0,2.0,17.0,2020-05-27,"For most weeks prior to Sept. 15, the prisoner cases and recoveries for Georgia inadvertently counted some cases in private prisons and county facilities twice. These figures have been corrected throughout.",
Georgia,GA,,,10.0,169.0,8.0,103.0,0.0,1.0,,,,8.0,423.0,20.0,297.0,0.0,17.0,2020-06-02,"For most weeks prior to Sept. 15, the prisoner cases and recoveries for Georgia inadvertently counted some cases in private prisons and county facilities twice. These figures have been corrected throughout.",
Georgia,GA,,,9.0,178.0,21.0,124.0,0.0,1.0,,,,24.0,447.0,12.0,309.0,2.0,19.0,2020-06-09,"For most weeks prior to Sept. 15, the prisoner cases and recoveries for Georgia inadvertently counted some cases in private prisons and county facilities twice. These figures have been corrected throughout.",
Georgia,GA,,,7.0,185.0,11.0,135.0,0.0,1.0,,,,58.0,505.0,83.0,392.0,1.0,20.0,2020-06-17,"For most weeks prior to Sept. 15, the prisoner cases and recoveries for Georgia inadvertently counted some cases in private prisons and county facilities twice. These figures have been corrected throughout.",
Georgia,GA,,,19.0,204.0,13.0,148.0,0.0,1.0,,,,25.0,530.0,39.0,431.0,2.0,22.0,2020-06-23,"For most weeks prior to Sept. 15, the prisoner cases and recoveries for Georgia inadvertently counted some cases in private prisons and county facilities twice. These figures have been corrected throughout.",
Georgia,GA,,,19.0,223.0,8.0,156.0,0.0,1.0,,,,181.0,711.0,21.0,452.0,0.0,22.0,2020-06-30,"For most weeks prior to Sept. 15, the prisoner cases and recoveries for Georgia inadvertently counted some cases in private prisons and county facilities twice. These figures have been corrected throughout.",
Georgia,GA,,,29.0,252.0,12.0,168.0,0.0,1.0,,,,19.0,730.0,15.0,467.0,1.0,23.0,2020-07-07,"For most weeks prior to Sept. 15, the prisoner cases and recoveries for Georgia inadvertently counted some cases in private prisons and county facilities twice. These figures have been corrected throughout.",
Georgia,GA,,,49.0,301.0,22.0,190.0,0.0,1.0,,,,76.0,806.0,22.0,489.0,2.0,25.0,2020-07-14,"For most weeks prior to Sept. 15, the prisoner cases and recoveries for Georgia inadvertently counted some cases in private prisons and county facilities twice. These figures have been corrected throughout.",
Georgia,GA,,,60.0,361.0,26.0,216.0,0.0,1.0,,,,41.0,847.0,196.0,685.0,1.0,26.0,2020-07-21,"For most weeks prior to Sept. 15, the prisoner cases and recoveries for Georgia inadvertently counted some cases in private prisons and county facilities twice. These figures have been corrected throughout.",
Georgia,GA,,,81.0,442.0,35.0,251.0,0.0,1.0,,,,39.0,886.0,69.0,754.0,5.0,31.0,2020-07-28,"For most weeks prior to Sept. 15, the prisoner cases and recoveries for Georgia inadvertently counted some cases in private prisons and county facilities twice. These figures have been corrected throughout.",
Georgia,GA,,,69.0,511.0,37.0,288.0,0.0,1.0,,,,131.0,1017.0,51.0,805.0,2.0,33.0,2020-08-04,"For most weeks prior to Sept. 15, the prisoner cases and recoveries for Georgia inadvertently counted some cases in private prisons and county facilities twice. These figures have been corrected throughout.",
Georgia,GA,,,62.0,573.0,54.0,342.0,0.0,1.0,,,,122.0,1139.0,77.0,882.0,1.0,34.0,2020-08-11,"For most weeks prior to Sept. 15, the prisoner cases and recoveries for Georgia inadvertently counted some cases in private prisons and county facilities twice. These figures have been corrected throughout.",
Georgia,GA,,,79.0,652.0,86.0,428.0,0.0,1.0,,,,129.0,1268.0,82.0,964.0,5.0,39.0,2020-08-18,"For most weeks prior to Sept. 15, the prisoner cases and recoveries for Georgia inadvertently counted some cases in private prisons and county facilities twice. These figures have been corrected throughout.",
Georgia,GA,,,77.0,729.0,59.0,487.0,0.0,1.0,,,,168.0,1436.0,128.0,1092.0,2.0,41.0,2020-08-25,"For most weeks prior to Sept. 15, the prisoner cases and recoveries for Georgia inadvertently counted some cases in private prisons and county facilities twice. These figures have been corrected throughout.",
Georgia,GA,,,57.0,786.0,82.0,569.0,1.0,2.0,,,,220.0,1656.0,120.0,1212.0,4.0,45.0,2020-09-01,"For most weeks prior to Sept. 15, the prisoner cases and recoveries for Georgia inadvertently counted some cases in private prisons and county facilities twice. These figures have been corrected throughout.",
Georgia,GA,,,34.0,820.0,75.0,644.0,0.0,2.0,,,,96.0,1752.0,84.0,1296.0,9.0,54.0,2020-09-08,"For most weeks prior to Sept. 15, the prisoner cases and recoveries for Georgia inadvertently counted some cases in private prisons and county facilities twice. These figures have been corrected throughout.",
Georgia,GA,,,38.0,858.0,63.0,707.0,0.0,2.0,,,,61.0,1813.0,230.0,1526.0,5.0,59.0,2020-09-15,,
Georgia,GA,,,22.0,880.0,40.0,747.0,0.0,2.0,,,,38.0,1851.0,104.0,1630.0,2.0,61.0,2020-09-22,,
Georgia,GA,,,21.0,901.0,29.0,776.0,0.0,2.0,,,,25.0,1876.0,36.0,1666.0,4.0,65.0,2020-09-29,,
Georgia,GA,,,20.0,921.0,62.0,838.0,0.0,2.0,,,,41.0,1917.0,79.0,1745.0,4.0,69.0,2020-10-06,,
Georgia,GA,,,19.0,940.0,16.0,854.0,0.0,2.0,,,,30.0,1947.0,19.0,1764.0,2.0,71.0,2020-10-13,,
Georgia,GA,,,28.0,968.0,19.0,873.0,0.0,2.0,,,,19.0,1966.0,44.0,1808.0,3.0,74.0,2020-10-20,,
Georgia,GA,,,28.0,996.0,17.0,890.0,0.0,2.0,,,,78.0,2044.0,32.0,1840.0,4.0,78.0,2020-10-27,,
Georgia,GA,,,23.0,1019.0,22.0,912.0,0.0,2.0,,,,19.0,2063.0,22.0,1862.0,0.0,78.0,2020-11-03,,
Georgia,GA,,,8.0,1027.0,18.0,930.0,0.0,2.0,,,,32.0,2095.0,74.0,1936.0,1.0,79.0,2020-11-10,,
Georgia,GA,,,29.0,1056.0,31.0,961.0,0.0,2.0,,,,87.0,2182.0,38.0,1974.0,1.0,80.0,2020-11-17,,
Georgia,GA,,,14.0,1070.0,15.0,976.0,0.0,2.0,,,,94.0,2276.0,76.0,2050.0,1.0,81.0,2020-11-24,,
Georgia,GA,,,21.0,1091.0,18.0,994.0,0.0,2.0,,,,76.0,2352.0,69.0,2119.0,1.0,82.0,2020-12-01,,
Georgia,GA,,,36.0,1127.0,41.0,1035.0,0.0,2.0,,,,54.0,2406.0,63.0,2182.0,0.0,82.0,2020-12-08,,
Georgia,GA,,,56.0,1183.0,30.0,1065.0,0.0,2.0,,,,82.0,2488.0,18.0,2200.0,1.0,83.0,2020-12-15,,
Georgia,GA,,,63.0,1246.0,28.0,1093.0,0.0,2.0,,,,61.0,2549.0,79.0,2279.0,0.0,83.0,2020-12-22,,
Georgia,GA,,,24.0,1270.0,21.0,1114.0,0.0,2.0,,,,100.0,2649.0,114.0,2393.0,2.0,85.0,2020-12-29,,
Georgia,GA,,,65.0,1335.0,53.0,1167.0,0.0,2.0,,,,136.0,2785.0,137.0,2530.0,0.0,85.0,2021-01-05,,
Georgia,GA,,,76.0,1411.0,57.0,1224.0,0.0,2.0,,,,108.0,2893.0,109.0,2639.0,2.0,87.0,2021-01-12,,
Georgia,GA,,,62.0,1473.0,64.0,1288.0,0.0,2.0,,,,163.0,3056.0,51.0,2690.0,1.0,88.0,2021-01-19,,
Georgia,GA,,,66.0,1539.0,89.0,1377.0,0.0,2.0,,,,258.0,3314.0,209.0,2899.0,0.0,88.0,2021-01-27,,
Georgia,GA,,,31.0,1570.0,75.0,1452.0,2.0,4.0,,,,52.0,3366.0,176.0,3075.0,0.0,88.0,2021-02-03,,
California,CA,,,9.0,9.0,,,,0.0,166.0,166.0,,1.0,1.0,0.0,0.0,,0.0,2020-03-26,,
California,CA,,,18.0,27.0,,,,0.0,100.0,266.0,,7.0,8.0,0.0,0.0,,0.0,2020-04-01,,
California,CA,,,35.0,62.0,,,,0.0,155.0,421.0,,17.0,25.0,0.0,0.0,,0.0,2020-04-08,,
California,CA,,,19.0,81.0,,,,0.0,172.0,593.0,,44.0,69.0,0.0,0.0,,0.0,2020-04-15,,
California,CA,,,16.0,97.0,,,,0.0,83.0,676.0,,66.0,135.0,0.0,0.0,,1.0,2020-04-22,,
California,CA,,,40.0,137.0,,,,0.0,544.0,1220.0,,70.0,205.0,0.0,0.0,,1.0,2020-04-29,,
California,CA,,,32.0,169.0,,notes,,0.0,331.0,1551.0,,193.0,398.0,0.0,0.0,,1.0,2020-05-06,,
California,CA,,,18.0,187.0,,,,0.0,943.0,2494.0,,137.0,535.0,0.0,0.0,,5.0,2020-05-13,,
California,CA,,,27.0,214.0,,,,0.0,4913.0,7407.0,,380.0,915.0,0.0,0.0,,6.0,2020-05-20,,
California,CA,,,58.0,272.0,142.0,,,0.0,4424.0,11831.0,,301.0,1216.0,272.0,272.0,,9.0,2020-05-27,,
California,CA,,,76.0,348.0,23.0,,1.0,1.0,4133.0,15964.0,,1149.0,2365.0,79.0,351.0,,11.0,2020-06-02,,
California,CA,,,111.0,459.0,52.0,,1.0,2.0,5477.0,21441.0,,663.0,3028.0,226.0,577.0,,12.0,2020-06-09,,
California,CA,,,105.0,564.0,52.0,,0.0,2.0,4225.0,25666.0,,197.0,3225.0,455.0,1032.0,,17.0,2020-06-16,,
California,CA,,,109.0,673.0,48.0,,0.0,2.0,6059.0,31725.0,,575.0,3800.0,848.0,1880.0,,19.0,2020-06-23,,
California,CA,,,174.0,847.0,53.0,,0.0,2.0,9028.0,40753.0,,1139.0,4939.0,346.0,2226.0,,22.0,2020-06-30,,
California,CA,,,272.0,1119.0,86.0,,0.0,2.0,6724.0,47477.0,,433.0,5372.0,678.0,2904.0,,29.0,2020-07-07,,
California,CA,,,172.0,1291.0,80.0,,1.0,3.0,4912.0,52389.0,,1086.0,6458.0,993.0,3897.0,,35.0,2020-07-14,,
California,CA,,,195.0,1486.0,80.0,,0.0,3.0,7419.0,59808.0,,608.0,7066.0,1043.0,4940.0,,40.0,2020-07-21,,
California,CA,,,179.0,1665.0,73.0,,0.0,3.0,6035.0,65843.0,,640.0,7706.0,850.0,5790.0,,47.0,2020-07-28,,
California,CA,,,227.0,1892.0,193.0,,5.0,8.0,5021.0,70864.0,,676.0,8382.0,963.0,6753.0,,50.0,2020-08-04,,
California,CA,,,190.0,2082.0,88.0,,1.0,9.0,4953.0,75817.0,,434.0,8816.0,560.0,7313.0,,53.0,2020-08-11,,
California,CA,,,303.0,2385.0,130.0,,0.0,9.0,3778.0,79595.0,,834.0,9650.0,555.0,7868.0,,55.0,2020-08-18,,
California,CA,,,333.0,2718.0,372.0,,0.0,9.0,3729.0,83324.0,,513.0,10163.0,536.0,8404.0,,57.0,2020-08-25,,
California,CA,,,111.0,2829.0,89.0,,0.0,9.0,2959.0,86283.0,,495.0,10658.0,691.0,9095.0,,58.0,2020-09-01,Staff figures are from 8/31.,
California,CA,,,407.0,3236.0,218.0,,0.0,9.0,2626.0,88909.0,,730.0,11388.0,527.0,9622.0,,59.0,2020-09-08,,
California,CA,,,130.0,3366.0,526.0,,0.0,9.0,1508.0,90417.0,,737.0,12125.0,453.0,10075.0,,60.0,2020-09-15,,
California,CA,,,138.0,3504.0,339.0,,0.0,9.0,1689.0,92106.0,,1585.0,13710.0,892.0,10967.0,,60.0,2020-09-22,,
California,CA,,,140.0,3644.0,139.0,,0.0,9.0,1301.0,93407.0,,513.0,14223.0,745.0,11712.0,,67.0,2020-09-29,,
California,CA,,,149.0,3793.0,67.0,,1.0,10.0,1398.0,94805.0,,647.0,14870.0,974.0,12686.0,,69.0,2020-10-06,,
California,CA,,,103.0,3896.0,115.0,,0.0,10.0,1681.0,96486.0,,317.0,15187.0,1040.0,13726.0,,69.0,2020-10-13,,
California,CA,,,138.0,4034.0,357.0,Staff figures are from 8/31.,0.0,10.0,1805.0,98291.0,,119.0,15306.0,572.0,14298.0,,70.0,2020-10-20,,
California,CA,,,283.0,4317.0,346.0,,0.0,10.0,1854.0,100145.0,,314.0,15620.0,317.0,14615.0,,76.0,2020-10-27,,
California,CA,,,182.0,4499.0,364.0,,0.0,10.0,1373.0,101518.0,,437.0,16057.0,138.0,14753.0,,80.0,2020-11-03,,
California,CA,,,0.0,4499.0,0.0,,0.0,10.0,2535.0,104053.0,,692.0,16749.0,430.0,15183.0,,82.0,2020-11-10,,
California,CA,,,416.0,4915.0,176.0,,0.0,10.0,3709.0,107762.0,,1334.0,18083.0,373.0,15556.0,,83.0,2020-11-20,The number of tested people was mistakenly placed in the column for the total number of tests. This has been updated.,
California,CA,,,988.0,5903.0,265.0,,0.0,10.0,2582.0,110344.0,,1396.0,19479.0,625.0,16181.0,,85.0,2020-11-25,The number of tested people was mistakenly placed in the column for the total number of tests. This has been updated.,
California,CA,,,1036.0,6939.0,644.0,,0.0,10.0,1961.0,112305.0,,3029.0,22508.0,1847.0,18028.0,,90.0,2020-12-04,The number of tested people was mistakenly placed in the column for the total number of tests. This has been updated.,
California,CA,,,559.0,7498.0,189.0,,0.0,10.0,497.0,112802.0,,2274.0,24782.0,816.0,18844.0,,93.0,2020-12-08,The number of tested people was mistakenly placed in the column for the total number of tests. This has been updated.,
California,CA,,,1460.0,8958.0,840.0,,0.0,10.0,1882.0,114684.0,,5963.0,30745.0,2021.0,20865.0,,101.0,2020-12-15,The number of tested people was mistakenly placed in the column for the total number of tests. This has been updated.,
California,CA,,,1573.0,10531.0,974.0,,1.0,11.0,830.0,115514.0,,4121.0,34866.0,3249.0,24114.0,,112.0,2020-12-22,The number of tested people was mistakenly placed in the column for the total number of tests. This has been updated.,
California,CA,,,1175.0,11706.0,612.0,,0.0,11.0,159.0,115673.0,,3532.0,38398.0,5695.0,29809.0,,120.0,2020-12-29,Vaccines have begun to be distributed but California's Correctional Health Care Services has not released specific numbers of people vaccinated thus far. The number of tested people was mistakenly placed in the column for the total number of tests. This has been updated.,
California,CA,,,1287.0,12993.0,1230.0,The number of tested people was mistakenly placed in the column for the total number of tests. This has been updated.,0.0,11.0,53.0,115726.0,,3164.0,41562.0,3975.0,33784.0,,139.0,2021-01-05,The number of tested people was mistakenly placed in the column for the total number of tests. This has been updated.,
California,CA,,,964.0,13957.0,2349.0,The number of tested people was mistakenly placed in the column for the total number of tests. This has been updated.,2.0,13.0,132.0,115858.0,,2517.0,44079.0,4244.0,38028.0,,162.0,2021-01-12,The number of tested people was mistakenly placed in the column for the total number of tests. This has been updated.,
California,CA,,,603.0,14560.0,1110.0,The number of tested people was mistakenly placed in the column for the total number of tests. This has been updated.,6.0,19.0,309.0,116167.0,,1407.0,45486.0,2668.0,40696.0,,175.0,2021-01-19,,
California,CA,,,452.0,15012.0,1255.0,The number of tested people was mistakenly placed in the column for the total number of tests. This has been updated.,3.0,22.0,180.0,116347.0,,1109.0,46595.0,2613.0,43309.0,,187.0,2021-01-26,,
California,CA,,,302.0,15314.0,626.0,The number of tested people was mistakenly placed in the column for the total number of tests. This has been updated.,1.0,23.0,404.0,116751.0,,907.0,47502.0,1291.0,44600.0,,195.0,2021-02-02,Vaccine numbers as of 2/1,
,,,,,,,The number of tested people was mistakenly placed in the column for the total number of tests. This has been updated.,,,,,,,,,,,,,,
,,,,,,,Vaccines have begun to be distributed but California's Correctional Health Care Services has not released specific numbers of people vaccinated thus far. The number of tested people was mistakenly placed in the column for the total number of tests. This has been updated.,,,,,,,,,,,,,,
,,,,,,,The number of tested people was mistakenly placed in the column for the total number of tests. This has been updated.,,,,,,,,,,,,,,
,,,,,,,The number of tested people was mistakenly placed in the column for the total number of tests. This has been updated.,,,,,,,,,,,,,,
,,,,,,,,,,,,,,,,,,,,,
,,,,,,,,,,,,,,,,,,,,,
,,,,,,,Vaccine numbers as of 2/1,,,,,,,,,,,,,,
Connecticut,CT,,,0.0,0.0,0.0,0,0.0,0.0,,,,0.0,0.0,0.0,0.0,0.0,0.0,2020-03-27,,
Connecticut,CT,,,3.0,3.0,0.0,0,0.0,0.0,,37.0,,2.0,2.0,0.0,0.0,0.0,0.0,2020-04-01,,
Connecticut,CT,,,49.0,52.0,0.0,0,0.0,0.0,,124.0,,44.0,46.0,0.0,0.0,0.0,0.0,2020-04-07,,
Connecticut,CT,,,87.0,139.0,0.0,0,0.0,0.0,,,,153.0,199.0,0.0,0.0,1.0,1.0,2020-04-15,,
Connecticut,CT,,,105.0,244.0,0.0,0,0.0,0.0,,,,122.0,321.0,0.0,0.0,0.0,1.0,2020-04-22,,
Connecticut,CT,,,82.0,326.0,0.0,0,0.0,0.0,,,,96.0,417.0,0.0,0.0,2.0,3.0,2020-04-29,Staff deaths backfilled from 5/6 update.,
Connecticut,CT,,,32.0,358.0,0.0,0,0.0,0.0,,,,61.0,478.0,0.0,0.0,3.0,6.0,2020-05-06,,
Connecticut,CT,,,10.0,368.0,0.0,0,0.0,0.0,,,,48.0,526.0,0.0,0.0,0.0,6.0,2020-05-13,,
Connecticut,CT,,,5.0,373.0,0.0,0,0.0,0.0,,,,158.0,684.0,0.0,0.0,0.0,6.0,2020-05-20,,
Connecticut,CT,,,5.0,378.0,355.0,355,0.0,0.0,,948.0,,169.0,853.0,522.0,522.0,1.0,7.0,2020-05-28,,
Connecticut,CT,,,2.0,380.0,4.0,359,0.0,0.0,,965.0,,17.0,870.0,164.0,686.0,0.0,7.0,2020-06-02,Total tests combines the number of current positives with the weekly number of reported negatives.,
Connecticut,CT,,,0.0,380.0,12.0,371,0.0,0.0,,,,340.0,1210.0,389.0,1075.0,0.0,7.0,2020-06-12,,
Connecticut,CT,571.0,,0.0,380.0,0.0,371,0.0,0.0,,6249.0,,0.0,1210.0,1.0,1076.0,0.0,7.0,2020-06-16,,
Connecticut,CT,,,0.0,380.0,6.0,377,0.0,0.0,,,,46.0,1256.0,162.0,1238.0,0.0,7.0,2020-06-26,,
Connecticut,CT,,,0.0,380.0,0.0,377,0.0,0.0,,9504.0,,86.0,1342.0,95.0,1333.0,0.0,7.0,2020-06-30,,
Connecticut,CT,,,1.0,381.0,0.0,377,0.0,0.0,,10114.0,,1.0,1343.0,0.0,1333.0,0.0,7.0,2020-07-07,The prisoner cases for this week were revised later after Connecticut identified some duplicates in the numbers.,
Connecticut,CT,974.0,,1.0,382.0,0.0,377,0.0,0.0,,10014.0,,0.0,1343.0,-9.0,1324.0,0.0,7.0,2020-07-14,"Connecticut's prisoner cases dropped by 3 to 1,343, and the number of prisoners tested and recovered also dropped this week. The state said, ""Please note that a recent internal audit/review of the our data found some duplicate information, and as a result the numbers for both 'positive offenders' and also for the number of offenders 'recovered' went down a bit.""",
Connecticut,CT,976.0,,1.0,383.0,0.0,377,0.0,0.0,,10016.0,,1.0,1344.0,0.0,1324.0,0.0,7.0,2020-07-21,,
Connecticut,CT,,4900.0,3.0,386.0,1.0,378,0.0,0.0,,,10840.0,57.0,1401.0,6.0,1330.0,0.0,7.0,2020-07-28,,
Connecticut,CT,,5361.0,2.0,388.0,0.0,378,0.0,0.0,,,11274.0,32.0,1433.0,58.0,1388.0,0.0,7.0,2020-08-05,,
Connecticut,CT,,5941.0,3.0,391.0,1.0,379,0.0,0.0,,,12629.0,13.0,1446.0,0.0,1388.0,0.0,7.0,2020-08-11,Connecticut revised its initial numbers of tests and recovered cases.,
Connecticut,CT,,6135.0,3.0,394.0,3.0,382,0.0,0.0,,,13778.0,54.0,1500.0,0.0,1388.0,0.0,7.0,2020-08-18,,
Connecticut,CT,,6462.0,0.0,394.0,3.0,385,0.0,0.0,,,15173.0,38.0,1538.0,61.0,1449.0,0.0,7.0,2020-08-25,,
Connecticut,CT,,7654.0,5.0,399.0,0.0,385,0.0,0.0,,,17459.0,11.0,1549.0,70.0,1519.0,0.0,7.0,2020-09-01,,
Connecticut,CT,,8429.0,4.0,403.0,9.0,394,0.0,0.0,,,17664.0,4.0,1553.0,19.0,1538.0,0.0,7.0,2020-09-08,,
Connecticut,CT,,9870.0,4.0,407.0,0.0,394,0.0,0.0,,,18348.0,5.0,1558.0,6.0,1544.0,0.0,7.0,2020-09-16,,
Connecticut,CT,,10083.0,1.0,408.0,2.0,396,0.0,0.0,,,18348.0,0.0,1558.0,3.0,1547.0,0.0,7.0,2020-09-22,,
Connecticut,CT,,10083.0,5.0,413.0,0.0,396,0.0,0.0,,,18348.0,0.0,1558.0,0.0,1547.0,0.0,7.0,2020-10-01,,
Connecticut,CT,,11403.0,11.0,424.0,6.0,402,0.0,0.0,,,18348.0,0.0,1558.0,0.0,1547.0,0.0,7.0,2020-10-06,,
Connecticut,CT,12448.0,,16.0,440.0,11.0,413,0.0,0.0,,19407.0,,76.0,1634.0,0.0,1547.0,0.0,7.0,2020-10-13,,
Connecticut,CT,,13159.0,20.0,460.0,0.0,413,0.0,0.0,,,20117.0,35.0,1669.0,0.0,1547.0,0.0,7.0,2020-10-20,,
Connecticut,CT,,13554.0,22.0,482.0,11.0,424,0.0,0.0,,,20646.0,4.0,1673.0,74.0,1621.0,0.0,7.0,2020-10-27,,
Connecticut,CT,,15308.0,21.0,503.0,27.0,451,0.0,0.0,,,22341.0,1.0,1674.0,38.0,1659.0,0.0,7.0,2020-11-03,,
Connecticut,CT,,18550.0,53.0,556.0,0.0,451,0.0,0.0,,,22341.0,12.0,1686.0,14.0,1673.0,0.0,7.0,2020-11-10,,
Connecticut,CT,,19212.0,56.0,612.0,54.0,505,0.0,0.0,,,23065.0,63.0,1749.0,19.0,1692.0,1.0,8.0,2020-11-17,,
Connecticut,CT,,19613.0,56.0,668.0,26.0,531,0.0,0.0,,,23125.0,60.0,1809.0,0.0,1692.0,0.0,8.0,2020-11-24,,
Connecticut,CT,,19677.0,64.0,732.0,43.0,574,0.0,0.0,,,23246.0,121.0,1930.0,93.0,1785.0,0.0,8.0,2020-12-01,,
Connecticut,CT,,20827.0,95.0,827.0,30.0,604,0.0,0.0,,,25291.0,452.0,2382.0,157.0,1942.0,2.0,10.0,2020-12-08,,
Connecticut,CT,,25690.0,155.0,982.0,98.0,702,0.0,0.0,,,30909.0,419.0,2801.0,316.0,2258.0,3.0,13.0,2020-12-22,,
Connecticut,CT,,29271.0,16.0,998.0,87.0,789,0.0,0.0,,,,154.0,2955.0,148.0,2406.0,0.0,13.0,2020-12-29,,
Connecticut,CT,,30106.0,129.0,1127.0,82.0,871,0.0,0.0,,,38489.0,334.0,3289.0,350.0,2756.0,1.0,14.0,2021-01-05,,
Connecticut,CT,,32328.0,107.0,1234.0,76.0,947,0.0,0.0,,,,219.0,3508.0,384.0,3140.0,2.0,16.0,2021-01-14,,
Connecticut,CT,,34512.0,79.0,1313.0,79.0,1026,0.0,0.0,,,44161.0,39.0,3547.0,85.0,3225.0,1.0,17.0,2021-01-19,,
Connecticut,CT,,35339.0,98.0,1411.0,139.0,1165,0.0,0.0,,,48558.0,176.0,3723.0,220.0,3445.0,2.0,19.0,2021-01-26,,
Connecticut,CT,,36826.0,36.0,1447.0,88.0,1253,0.0,0.0,,,53885.0,88.0,3811.0,175.0,3620.0,0.0,19.0,2021-02-02,,
Massachusetts,MA,,,4.0,4.0,,,,0.0,,,,9.0,9.0,,,0.0,0.0,2020-03-26,,
Massachusetts,MA,,,3.0,7.0,,,,0.0,,,,10.0,19.0,,,0.0,0.0,2020-04-01,"In late July, Massachusetts identified a case of a prisoner who tested positive and was counted twice. The number of total cases was thus revised.",
Massachusetts,MA,,,19.0,26.0,,,,0.0,,,,26.0,45.0,,,3.0,3.0,2020-04-08,"In late July, Massachusetts identified a case of a prisoner who tested positive and was counted twice. The number of total cases was thus revised.",
Massachusetts,MA,,,16.0,42.0,,,,0.0,,,,44.0,89.0,,,1.0,4.0,2020-04-15,"In late July, Massachusetts identified a case of a prisoner who tested positive and was counted twice. The number of total cases was thus revised.",
Massachusetts,MA,,,25.0,67.0,,,,0.0,,296.0,,28.0,117.0,,,3.0,7.0,2020-04-19,On Aug. 27 we changed our Massachusetts data source to the Massachusetts Supreme Judicial Court. The previous dataset from the Department of Corrections excluded prisoner releases and staff recoveries. All data beginning with April 22 onward has been updated to use SJC figures.,
Massachusetts,MA,,,43.0,110.0,,,,0.0,,747.0,,66.0,183.0,,,0.0,7.0,2020-04-26,On Aug. 27 we changed our Massachusetts data source to the Massachusetts Supreme Judicial Court. The previous dataset from the Department of Corrections excluded prisoner releases and staff recoveries. All data beginning with April 22 onward has been updated to use SJC figures.,
Massachusetts,MA,,,36.0,146.0,,,,0.0,,1906.0,,83.0,266.0,,,0.0,7.0,2020-05-03,On Aug. 27 we changed our Massachusetts data source to the Massachusetts Supreme Judicial Court. The previous dataset from the Department of Corrections excluded prisoner releases and staff recoveries. All data beginning with April 22 onward has been updated to use SJC figures.,
Massachusetts,MA,,,17.0,163.0,,,,0.0,,2825.0,,101.0,367.0,,,0.0,7.0,2020-05-10,On Aug. 27 we changed our Massachusetts data source to the Massachusetts Supreme Judicial Court. The previous dataset from the Department of Corrections excluded prisoner releases and staff recoveries. All data beginning with April 22 onward has been updated to use SJC figures.,
Massachusetts,MA,,,7.0,170.0,,,,0.0,,4767.0,,13.0,380.0,,,1.0,8.0,2020-05-17,On Aug. 27 we changed our Massachusetts data source to the Massachusetts Supreme Judicial Court. The previous dataset from the Department of Corrections excluded prisoner releases and staff recoveries. All data beginning with April 22 onward has been updated to use SJC figures.,
Massachusetts,MA,,,12.0,182.0,,120.0,,0.0,,5724.0,,16.0,396.0,,281.0,0.0,8.0,2020-05-25,On Aug. 27 we changed our Massachusetts data source to the Massachusetts Supreme Judicial Court. The previous dataset from the Department of Corrections excluded prisoner releases and staff recoveries. All data beginning with April 22 onward has been updated to use SJC figures.,
Massachusetts,MA,,,1.0,183.0,,158.0,,0.0,,7679.0,,11.0,407.0,,339.0,0.0,8.0,2020-05-31,On Aug. 27 we changed our Massachusetts data source to the Massachusetts Supreme Judicial Court. The previous dataset from the Department of Corrections excluded prisoner releases and staff recoveries. All data beginning with April 22 onward has been updated to use SJC figures.,
Massachusetts,MA,,,8.0,191.0,,158.0,,0.0,,7761.0,,2.0,409.0,,359.0,0.0,8.0,2020-06-07,On Aug. 27 we changed our Massachusetts data source to the Massachusetts Supreme Judicial Court. The previous dataset from the Department of Corrections excluded prisoner releases and staff recoveries. All data beginning with April 22 onward has been updated to use SJC figures.,
Massachusetts,MA,,,0.0,191.0,,165.0,,0.0,,7795.0,,2.0,411.0,,385.0,0.0,8.0,2020-06-14,On Aug. 27 we changed our Massachusetts data source to the Massachusetts Supreme Judicial Court. The previous dataset from the Department of Corrections excluded prisoner releases and staff recoveries. All data beginning with April 22 onward has been updated to use SJC figures.,
Massachusetts,MA,,,0.0,191.0,,167.0,,0.0,,8009.0,,2.0,413.0,,387.0,0.0,8.0,2020-06-21,On Aug. 27 we changed our Massachusetts data source to the Massachusetts Supreme Judicial Court. The previous dataset from the Department of Corrections excluded prisoner releases and staff recoveries. All data beginning with April 22 onward has been updated to use SJC figures.,
Massachusetts,MA,,,0.0,191.0,,167.0,,0.0,,8263.0,,3.0,416.0,,379.0,0.0,8.0,2020-06-28,On Aug. 27 we changed our Massachusetts data source to the Massachusetts Supreme Judicial Court. The previous dataset from the Department of Corrections excluded prisoner releases and staff recoveries. All data beginning with April 22 onward has been updated to use SJC figures.,
Massachusetts,MA,,,1.0,192.0,,167.0,,0.0,,8293.0,,1.0,417.0,,379.0,0.0,8.0,2020-07-08,On Aug. 27 we changed our Massachusetts data source to the Massachusetts Supreme Judicial Court. The previous dataset from the Department of Corrections excluded prisoner releases and staff recoveries. All data beginning with April 22 onward has been updated to use SJC figures.,
Massachusetts,MA,,,2.0,194.0,,165.0,,0.0,,8473.0,,0.0,417.0,,380.0,0.0,8.0,2020-07-15,On Aug. 27 we changed our Massachusetts data source to the Massachusetts Supreme Judicial Court. The previous dataset from the Department of Corrections excluded prisoner releases and staff recoveries. All data beginning with April 22 onward has been updated to use SJC figures.,
Massachusetts,MA,,,0.0,194.0,,167.0,,0.0,,8562.0,,0.0,417.0,,381.0,0.0,8.0,2020-07-22,On Aug. 27 we changed our Massachusetts data source to the Massachusetts Supreme Judicial Court. The previous dataset from the Department of Corrections excluded prisoner releases and staff recoveries. All data beginning with April 22 onward has been updated to use SJC figures.,
Massachusetts,MA,,,0.0,194.0,,168.0,,0.0,,8601.0,,1.0,418.0,,381.0,0.0,8.0,2020-07-29,On Aug. 27 we changed our Massachusetts data source to the Massachusetts Supreme Judicial Court. The previous dataset from the Department of Corrections excluded prisoner releases and staff recoveries. All data beginning with April 22 onward has been updated to use SJC figures.,
Massachusetts,MA,,,3.0,197.0,,168.0,,0.0,,8760.0,,0.0,418.0,,382.0,0.0,8.0,2020-08-05,On Aug. 27 we changed our Massachusetts data source to the Massachusetts Supreme Judicial Court. The previous dataset from the Department of Corrections excluded prisoner releases and staff recoveries. All data beginning with April 22 onward has been updated to use SJC figures.,
Massachusetts,MA,,,0.0,197.0,,169.0,,0.0,,9006.0,,0.0,418.0,,382.0,0.0,8.0,2020-08-12,On Aug. 27 we changed our Massachusetts data source to the Massachusetts Supreme Judicial Court. The previous dataset from the Department of Corrections excluded prisoner releases and staff recoveries. All data beginning with April 22 onward has been updated to use SJC figures.,
Massachusetts,MA,,,2.0,199.0,,,,0.0,,9096.0,,1.0,419.0,,382.0,0.0,8.0,2020-08-19,On Aug. 27 we changed our Massachusetts data source to the Massachusetts Supreme Judicial Court. The previous dataset from the Department of Corrections excluded prisoner releases and staff recoveries. All data beginning with April 22 onward has been updated to use SJC figures.,
Massachusetts,MA,,,3.0,202.0,,,,,,,9357.0,0.0,419.0,,,0.0,8.0,2020-08-26,"On Aug. 27 we changed our Massachusetts data source to the Massachusetts Supreme Judicial Court. The previous dataset from the Department of Corrections excluded prisoner releases and staff recoveries. All data beginning with April 22 onward has been updated to use SJC figures. The number of tests administered to prisoners was later revised by the court, and we've updated it here.",
Massachusetts,MA,,,1.0,203.0,,,,,,,9413.0,1.0,420.0,,,0.0,8.0,2020-09-03,,
Massachusetts,MA,,,3.0,206.0,,,,,,,9551.0,0.0,420.0,,,0.0,8.0,2020-09-09,,
Massachusetts,MA,,,1.0,207.0,,,,,,,9693.0,0.0,420.0,,,0.0,8.0,2020-09-17,,
Massachusetts,MA,,,0.0,207.0,,,,,,,9788.0,1.0,421.0,,,0.0,8.0,2020-09-23,The number of staff cases for this week was initially incorrect. It has been updated to the right number.,
Massachusetts,MA,,,16.0,223.0,,,,,,,10056.0,28.0,449.0,,,0.0,8.0,2020-10-01,,
Massachusetts,MA,,,1.0,224.0,,,,,,,10100.0,15.0,464.0,,,0.0,8.0,2020-10-08,,
Massachusetts,MA,,,2.0,226.0,,,,,,,10212.0,8.0,472.0,,,0.0,8.0,2020-10-14,,
Massachusetts,MA,,,2.0,228.0,,,,,,,10358.0,0.0,472.0,,,0.0,8.0,2020-10-22,,
Massachusetts,MA,,,5.0,233.0,,,,,,,10765.0,4.0,476.0,,,0.0,8.0,2020-10-28,,
Massachusetts,MA,,,29.0,262.0,,,,,,,11664.0,81.0,557.0,,,0.0,8.0,2020-11-04,,
Massachusetts,MA,,,22.0,284.0,,,,,,,12674.0,183.0,740.0,,,0.0,8.0,2020-11-11,,
Massachusetts,MA,,,46.0,330.0,,,,,,,14747.0,106.0,846.0,,,0.0,8.0,2020-11-18,,
Massachusetts,MA,,,50.0,380.0,,,,,,,15977.0,173.0,1019.0,,,0.0,8.0,2020-11-24,,
Massachusetts,MA,,,57.0,437.0,,,,,,,17569.0,236.0,1255.0,,,0.0,8.0,2020-12-02,,
Massachusetts,MA,,,82.0,519.0,,,,,,,18679.0,259.0,1514.0,,,1.0,9.0,2020-12-09,,
Massachusetts,MA,,,90.0,609.0,,,,,,,20181.0,128.0,1642.0,,,2.0,11.0,2020-12-16,,
Massachusetts,MA,,,45.0,654.0,,,,0.0,,,22371.0,190.0,1832.0,,,0.0,11.0,2020-12-23,"Massachusetts later revised its number of tests for this week that seemed to have been overstated by 1,000. The figures has been updated here.",
Massachusetts,MA,,,52.0,706.0,,,,,,,22882.0,253.0,2085.0,,,1.0,12.0,2020-12-30,"Massachusetts later revised its number of tests for this week that seemed to have been overstated by 1,000. The figures has been updated here.",
Massachusetts,MA,,,58.0,764.0,,,,,,,23289.0,240.0,2325.0,,,3.0,15.0,2021-01-06,"Massachusetts later revised its number of tests for this week that seemed to have been overstated by 1,000. The figures has been updated here.",
Massachusetts,MA,,,43.0,807.0,,,,,,,23890.0,274.0,2599.0,,,2.0,17.0,2021-01-13,"Massachusetts later revised its number of tests for this week that seemed to have been overstated by 1,000. The figures has been updated here.",
Massachusetts,MA,,,27.0,834.0,,,,,,,23983.0,65.0,2664.0,,,2.0,19.0,2021-01-20,,
Massachusetts,MA,,,33.0,867.0,,,,,,,24878.0,197.0,2861.0,,,0.0,19.0,2021-01-27,,
Massachusetts,MA,,,,,,,,,,,,,,,,,,2021-02-03,,
Vermont,VT,,,,,,,,0.0,,,,,0.0,,,,0.0,2020-03-26,,
Vermont,VT,,,2.0,2.0,,,,0.0,,,2.0,,0.0,,,,0.0,2020-04-02,"Prisoner tests total may include multiple tests of the same prisoners, so we have moved this figure to the prisoner_tests_with_multiples column.",
Vermont,VT,,,2.0,4.0,,,,0.0,,,200.0,1.0,1.0,,,,0.0,2020-04-09,"Prisoner tests total may include multiple tests of the same prisoners, so we have moved this figure to the prisoner_tests_with_multiples column.",
Vermont,VT,,,14.0,18.0,,,,0.0,,,206.0,32.0,33.0,,,,0.0,2020-04-14,Prisoner tests total may included multiple tests of the same prisoners. So we've moved this figure into the prisoner_tests_with_multiples column.,
Vermont,VT,,,0.0,18.0,,,,0.0,,,221.0,5.0,38.0,,,,0.0,2020-04-22,Prisoner tests total may included multiple tests of the same prisoners. So we've moved these figures into the Prisoner_tests_with_multiples column. 27 inmate tests with results pending and 25 for staff.,
Vermont,VT,,,0.0,18.0,,,,0.0,,,378.0,0.0,38.0,,,,0.0,2020-04-29,"Prisoner tests total may include multiple tests of the same prisoners, so we've moved this figure into the Prisoner_tests_with_multiples column",
Vermont,VT,154.0,,1.0,19.0,,,,0.0,,,384.0,7.0,45.0,,,,0.0,2020-05-06,"Prisoner tests total may include multiple tests of the same prisoners, so we've moved this figure into the Prisoner_tests_with_multiples column",
Vermont,VT,,,1.0,20.0,,,,0.0,,223.0,,0.0,45.0,,,,0.0,2020-05-13,"For the first week, Vermont began releasing the total number of prisoners tested, rather than the total tests administered, so this figure dropped from weeks past. At the private prison in Mississippi that holds some Vermont prisoners, 2 were tested and 0 were positive.",
Vermont,VT,,,0.0,20.0,,,,0.0,,318.0,,0.0,45.0,,,,0.0,2020-05-20,"The ""positive results"" section of the Covid dashboard reflects 48 positives, but the dashboard notes that 3 of them are re-tests. The 223 inmate tests include 2 inmates housed at a private prison in Mississippi. / Confirmed with Rachel Feldman that deaths are still 0.",
Vermont,VT,,,0.0,20.0,18.0,18.0,0.0,0.0,,482.0,660.0,0.0,45.0,43.0,43.0,,0.0,2020-05-27,,
Vermont,VT,,,0.0,20.0,1.0,19.0,0.0,0.0,,872.0,,0.0,45.0,0.0,43.0,,0.0,2020-06-02,"At the end of June, Vermont said it had inadvertantly counted some prisoners with positive cases more than once for several weeks. We've since revised this week's prisoner case counts accordingly.",
Vermont,VT,,798.0,0.0,20.0,0.0,19.0,0.0,0.0,,1214.0,1432.0,0.0,45.0,0.0,43.0,,0.0,2020-06-09,"Number of staff tests is since 5/1. State DOH is working on a records request to provie the total number of staff tests from the beginning ot the pandemic. At the end of June, Vermont said it had inadvertantly counted some prisoners with positive cases more than once for several weeks. We've since revised this week's prisoner case counts accordingly.",
Vermont,VT,,,0.0,20.0,0.0,19.0,0.0,0.0,,1230.0,,0.0,45.0,0.0,43.0,,0.0,2020-06-16,"At the end of June, Vermont said it had inadvertantly counted some prisoners with positive cases more than once for several weeks. We've since revised this week's prisoner case counts accordingly.",
Vermont,VT,,971.0,0.0,20.0,0.0,19.0,0.0,0.0,,1330.0,1888.0,2.0,47.0,0.0,43.0,,0.0,2020-06-24,"At the end of June, Vermont said it had inadvertantly counted some prisoners with positive cases more than once for several weeks. We've since revised this week's prisoner case counts accordingly.",
Vermont,VT,,,0.0,20.0,0.0,19.0,0.0,0.0,,1327.0,2156.0,0.0,47.0,2.0,45.0,,0.0,2020-06-30,"The number of prisoner cases dropped by 3 this week to 47. Numbers are lower than last week for prisoner tests and total positive tests. They did some checks on their data and found that inmate tests contained 27 duplicates. Also added a line for ""unique positive cases"" which is lower than last week's positive tests, which included some inmates that got multiple positive results.",
Vermont,VT,,,0.0,20.0,0.0,19.0,0.0,0.0,,1374.0,2250.0,0.0,47.0,0.0,45.0,,0.0,2020-07-07,,
Vermont,VT,,1309.0,0.0,20.0,0.0,19.0,0.0,0.0,,1413.0,2646.0,0.0,47.0,0.0,45.0,,0.0,2020-07-14,,
Vermont,VT,,,0.0,20.0,0.0,19.0,0.0,0.0,,1451.0,2778.0,1.0,48.0,0.0,45.0,,0.0,2020-07-21,,
Vermont,VT,,1309.0,0.0,20.0,0.0,19.0,0.0,0.0,,1492.0,2919.0,0.0,48.0,1.0,46.0,,0.0,2020-07-28,,
Vermont,VT,,1449.0,0.0,20.0,1.0,20.0,0.0,0.0,,1753.0,3617.0,101.0,149.0,0.0,46.0,,0.0,2020-08-04,,
Vermont,VT,,1525.0,1.0,21.0,0.0,20.0,0.0,0.0,,1783.0,3884.0,52.0,201.0,3.0,49.0,,0.0,2020-08-11,,
Vermont,VT,,1606.0,1.0,22.0,0.0,20.0,0.0,0.0,,1834.0,4171.0,38.0,239.0,122.0,171.0,,0.0,2020-08-18,,
Vermont,VT,,1755.0,0.0,22.0,1.0,21.0,0.0,0.0,,1884.0,4659.0,1.0,240.0,35.0,206.0,,0.0,2020-08-25,,
Vermont,VT,,1879.0,0.0,22.0,0.0,21.0,0.0,0.0,,1932.0,4900.0,0.0,240.0,25.0,231.0,,0.0,2020-09-01,,
Vermont,VT,,2022.0,0.0,22.0,0.0,21.0,0.0,0.0,,1978.0,5024.0,0.0,240.0,2.0,233.0,,0.0,2020-09-08,,
Vermont,VT,,,0.0,22.0,0.0,21.0,0.0,0.0,,2014.0,5462.0,0.0,240.0,3.0,236.0,,0.0,2020-09-15,,
Vermont,VT,,,0.0,22.0,1.0,22.0,0.0,0.0,,2051.0,5945.0,0.0,240.0,2.0,238.0,,0.0,2020-09-22,,
Vermont,VT,,,0.0,22.0,0.0,22.0,0.0,0.0,,2112.0,6205.0,0.0,240.0,0.0,238.0,,0.0,2020-09-29,,
Vermont,VT,,,0.0,22.0,0.0,22.0,0.0,0.0,,2162.0,6676.0,0.0,240.0,0.0,238.0,,0.0,2020-10-06,,
Vermont,VT,,,0.0,22.0,0.0,22.0,0.0,0.0,,2195.0,6866.0,0.0,240.0,0.0,238.0,,0.0,2020-10-13,,
Vermont,VT,,,0.0,22.0,0.0,22.0,0.0,0.0,,2231.0,7171.0,0.0,240.0,0.0,238.0,,0.0,2020-10-20,,
Vermont,VT,,,1.0,23.0,1.0,23.0,0.0,0.0,,2267.0,7418.0,0.0,240.0,0.0,238.0,,0.0,2020-10-27,,
Vermont,VT,,,1.0,24.0,0.0,23.0,0.0,0.0,,2295.0,7650.0,0.0,240.0,0.0,238.0,,0.0,2020-11-03,,
Vermont,VT,,,0.0,24.0,1.0,24.0,0.0,0.0,,2315.0,7844.0,0.0,240.0,0.0,238.0,,0.0,2020-11-10,,
Vermont,VT,,,1.0,25.0,0.0,24.0,0.0,0.0,,2361.0,8117.0,0.0,240.0,0.0,238.0,,0.0,2020-11-17,,
Vermont,VT,,,0.0,25.0,0.0,24.0,0.0,0.0,,2397.0,8543.0,1.0,241.0,0.0,238.0,,0.0,2020-11-24,,
Vermont,VT,,,2.0,27.0,0.0,24.0,0.0,0.0,,2421.0,8820.0,0.0,241.0,1.0,239.0,,0.0,2020-12-01,,
Vermont,VT,,,2.0,29.0,2.0,26.0,0.0,0.0,,2466.0,9317.0,0.0,241.0,0.0,239.0,,0.0,2020-12-08,,
Vermont,VT,,,0.0,29.0,2.0,28.0,0.0,0.0,,2495.0,9807.0,0.0,241.0,-9.0,230.0,,0.0,2020-12-15,"The number of recoveries dropped this week. ""9 incarcerated individuals in Mississippi tested positive again during mass testing. All 9 individuals were part of the original group of 185 that tested positive at TCCF, so these are not new unique positive cases.""",
Vermont,VT,,,1.0,30.0,1.0,29.0,0.0,0.0,,2520.0,10430.0,1.0,242.0,10.0,240.0,,0.0,2020-12-22,vaccine numbers sent via email from PIO,
Vermont,VT,,,2.0,32.0,1.0,30.0,0.0,0.0,,2539.0,10991.0,0.0,242.0,0.0,240.0,,0.0,2020-12-29,,
Vermont,VT,,,0.0,32.0,,,0.0,0.0,,2566.0,11335.0,1.0,243.0,1.0,241.0,,0.0,2021-01-05,,
Vermont,VT,,,6.0,38.0,,,0.0,,,2608.0,11738.0,0.0,243.0,0.0,241.0,,,2021-01-12,,
Vermont,VT,,,3.0,41.0,6.0,36.0,0.0,0.0,,2632.0,12056.0,1.0,244.0,0.0,241.0,,0.0,2021-01-19,,
Vermont,VT,,,9.0,50.0,3.0,39.0,0.0,0.0,,2651.0,12722.0,0.0,244.0,1.0,242.0,,0.0,2021-01-26,"The state's website originally said 251 recovered, but it was incorrect and we adjusted it here before publication.",
Vermont,VT,,,3.0,53.0,0.0,39.0,0.0,0.0,,2675.0,13502.0,122.0,366.0,0.0,242.0,,0.0,2021-02-02,"Prison health care staff have been vaccinated, but not COs, and they don't have those figures yet.",
Delaware,DE,,,0.0,0.0,0.0,0.0,0.0,0.0,,4.0,,,0.0,0.0,0.0,,0.0,2020-03-24,,0.0
Delaware,DE,,,0.0,0.0,0.0,0.0,0.0,0.0,,5.0,,,0.0,0.0,0.0,,0.0,2020-04-01,,0.0
Delaware,DE,,,6.0,6.0,0.0,0.0,0.0,0.0,,,,,2.0,0.0,0.0,,0.0,2020-04-08,,2.0
Delaware,DE,,,12.0,18.0,0.0,0.0,0.0,0.0,,,,,13.0,0.0,0.0,,0.0,2020-04-15,,11.0
Delaware,DE,,,8.0,26.0,0.0,0.0,0.0,0.0,,136.0,,,41.0,0.0,0.0,,1.0,2020-04-22,,28.0
Delaware,DE,,,12.0,38.0,0.0,0.0,0.0,0.0,,200.0,,,67.0,0.0,0.0,,3.0,2020-04-28,,26.0
Delaware,DE,301.0,,26.0,64.0,0.0,0.0,0.0,0.0,,267.0,,,125.0,0.0,0.0,,3.0,2020-05-07,,58.0
Delaware,DE,,,21.0,85.0,0.0,0.0,0.0,0.0,,,,,139.0,0.0,0.0,,6.0,2020-05-13,,14.0
Delaware,DE,656.0,,3.0,88.0,0.0,0.0,0.0,0.0,,,,,141.0,0.0,0.0,,6.0,2020-05-20,,2.0
Delaware,DE,771.0,,0.0,88.0,53.0,53.0,0.0,0.0,,282.0,,,148.0,132.0,132.0,,7.0,2020-05-29,,7.0
Delaware,DE,,,1.0,89.0,7.0,60.0,0.0,0.0,,,,,148.0,5.0,137.0,,7.0,2020-06-01,,0.0
Delaware,DE,,,0.0,89.0,0.0,60.0,0.0,0.0,,299.0,,,148.0,3.0,140.0,,7.0,2020-06-11,,0.0
Delaware,DE,,,3.0,92.0,11.0,71.0,0.0,0.0,,299.0,,,148.0,0.0,140.0,,7.0,2020-06-12,,0.0
Delaware,DE,805.0,,1.0,93.0,9.0,80.0,0.0,0.0,,300.0,,,148.0,0.0,140.0,,7.0,2020-06-25,,0.0
Delaware,DE,805.0,,2.0,95.0,5.0,85.0,1.0,1.0,,306.0,,,150.0,0.0,140.0,,7.0,2020-06-29,,2.0
Delaware,DE,910.0,,19.0,114.0,2.0,87.0,0.0,1.0,,747.0,,,270.0,1.0,141.0,,7.0,2020-07-08,,120.0
Delaware,DE,,,4.0,118.0,0.0,87.0,0.0,1.0,,,,,295.0,0.0,141.0,,7.0,2020-07-10,,25.0
Delaware,DE,,,35.0,153.0,5.0,92.0,0.0,1.0,,,,,508.0,250.0,391.0,,7.0,2020-07-22,,213.0
Delaware,DE,,,2.0,155.0,14.0,106.0,0.0,1.0,,,,,528.0,53.0,444.0,,8.0,2020-07-29,,20.0
Delaware,DE,,,10.0,165.0,23.0,129.0,0.0,1.0,,,,,529.0,47.0,491.0,,8.0,2020-08-03,,1.0
Delaware,DE,,,3.0,168.0,18.0,147.0,0.0,1.0,,,,,529.0,24.0,515.0,,10.0,2020-08-12,,0.0
Delaware,DE,,1329.0,1.0,169.0,0.0,147.0,0.0,1.0,,,1581.0,,541.0,0.0,515.0,,10.0,2020-08-18,,12.0
Delaware,DE,,1336.0,0.0,169.0,10.0,157.0,0.0,1.0,,,1589.0,,541.0,3.0,518.0,,10.0,2020-08-27,,0.0
Delaware,DE,,,0.0,169.0,3.0,160.0,0.0,1.0,,,,,541.0,1.0,519.0,,11.0,2020-09-07,,0.0
Delaware,DE,,1461.0,4.0,173.0,4.0,164.0,0.0,1.0,,,1732.0,,546.0,0.0,519.0,,11.0,2020-09-18,,0.0
Delaware,DE,,,0.0,173.0,0.0,164.0,0.0,1.0,,,,,546.0,0.0,519.0,,11.0,2020-09-22,,0.0
Delaware,DE,,1514.0,11.0,184.0,0.0,164.0,0.0,1.0,,,1860.0,,571.0,6.0,525.0,,11.0,2020-10-01,,0.0
Delaware,DE,,1584.0,24.0,208.0,7.0,171.0,0.0,1.0,,,2002.0,,575.0,21.0,546.0,,11.0,2020-10-28,,4.0
Delaware,DE,,1587.0,3.0,211.0,31.0,202.0,0.0,1.0,,,2046.0,,579.0,0.0,546.0,,11.0,2020-11-03,,4.0
Delaware,DE,,2253.0,8.0,219.0,1.0,203.0,0.0,1.0,,,2118.0,,579.0,2.0,548.0,,11.0,2020-11-11,,0.0
Delaware,DE,,2271.0,18.0,237.0,0.0,203.0,0.0,1.0,,,6001.0,,618.0,3.0,551.0,,11.0,2020-11-18,,39.0
Delaware,DE,,2568.0,102.0,339.0,25.0,228.0,0.0,1.0,,,7198.0,,1093.0,164.0,715.0,,11.0,2020-12-01,,475.0
Delaware,DE,,,198.0,537.0,189.0,417.0,0.0,1.0,,,,,1564.0,587.0,1302.0,,12.0,2020-12-22,,471.0
Delaware,DE,,,36.0,573.0,51.0,468.0,0.0,1.0,,,,,1750.0,139.0,1441.0,,12.0,2020-12-29,,186.0
Delaware,DE,,,,,,,,,,,10270.0,,1899.0,263.0,1704.0,,12.0,2021-01-11,,149.0
