"","Facility","Name","State","Date","Residents.Confirmed","Staff.Confirmed","Resident.Deaths","Staff.Deaths","Residents.Recovered","Staff.Recovered","Residents.Tested","Staff.Tested","Residents.Pending","Staff.Pending","Residents.Negative","Staff.Negative","Residents.Quarantine","Staff.Quarantine","hifld_id","Count.ID","Population_HIFLD","Population.Source"
"1","Prison","STATEWIDE","Arkansas",2020-03-31,NA,NA,NA,NA,NA,NA,NA,NA,NA,NA,NA,NA,NA,NA,NA,57,NA,"HIFLD Prison Dataset"
"2","Prison","STATEWIDE","Arkansas",2020-04-01,NA,NA,NA,NA,NA,NA,NA,NA,NA,NA,NA,NA,NA,NA,NA,57,NA,"HIFLD Prison Dataset"
"3","Prison","STATEWIDE","Arkansas",2020-04-02,NA,"1",NA,NA,NA,NA,NA,NA,NA,NA,NA,NA,NA,NA,NA,57,NA,"HIFLD Prison Dataset"
"4","Prison","STATEWIDE","Arkansas",2020-04-03,NA,"1",NA,NA,NA,NA,NA,NA,NA,NA,NA,NA,NA,NA,NA,57,NA,"HIFLD Prison Dataset"
"5","Prison","STATEWIDE","Arkansas",2020-04-04,NA,"1",NA,NA,NA,NA,NA,NA,NA,NA,NA,NA,NA,NA,NA,57,NA,"HIFLD Prison Dataset"
"6","Prison","STATEWIDE","Arkansas",2020-04-05,NA,"1",NA,NA,NA,NA,NA,NA,NA,NA,NA,NA,NA,NA,NA,57,NA,"HIFLD Prison Dataset"
"7","Prison","STATEWIDE","Arkansas",2020-04-06,NA,"1",NA,NA,NA,NA,NA,NA,NA,NA,NA,NA,NA,NA,NA,57,NA,"HIFLD Prison Dataset"
"8","Prison","STATEWIDE","Arkansas",2020-04-07,"0","6",NA,NA,NA,NA,NA,NA,NA,NA,NA,NA,NA,NA,NA,57,NA,"HIFLD Prison Dataset"
"9","Prison","STATEWIDE","Arkansas",2020-04-08,"0","6","0",NA,NA,NA,NA,NA,NA,NA,NA,NA,NA,NA,NA,57,NA,"HIFLD Prison Dataset"
"10","Prison","STATEWIDE","Arkansas",2020-04-09,"0","6","0",NA,NA,NA,NA,NA,NA,NA,NA,NA,NA,NA,NA,57,NA,"HIFLD Prison Dataset"
"11","Prison","STATEWIDE","Arkansas",2020-04-10,"0","12","0",NA,NA,NA,NA,NA,NA,NA,NA,NA,NA,NA,NA,57,NA,"HIFLD Prison Dataset"
"12","Prison","STATEWIDE","Arkansas",2020-04-11,"0","12","0",NA,NA,NA,NA,NA,NA,NA,NA,NA,NA,NA,NA,57,NA,"HIFLD Prison Dataset"
"13","Prison","STATEWIDE","Arkansas",2020-04-12,"0","12","0",NA,NA,NA,NA,NA,NA,NA,NA,NA,NA,NA,NA,57,NA,"HIFLD Prison Dataset"
"14","Prison","STATEWIDE","Arkansas",2020-04-13,"0","12","0",NA,NA,NA,NA,NA,NA,NA,NA,NA,NA,NA,NA,57,NA,"HIFLD Prison Dataset"
"15","Prison","CUMMINS UNIT PRISON","Arkansas",2020-04-13,"44","0","0",NA,NA,NA,NA,NA,NA,NA,NA,NA,NA,NA,10000085,56,1899,"HIFLD Prison Dataset"
"16","Prison","STATEWIDE","Arkansas",2020-04-14,"62","34","0",NA,NA,NA,NA,NA,NA,NA,NA,NA,NA,NA,NA,57,NA,"HIFLD Prison Dataset"
"17","Prison","CUMMINS UNIT PRISON","Arkansas",2020-04-14,NA,"0","0",NA,NA,NA,NA,NA,NA,NA,NA,NA,NA,NA,10000085,56,1899,"HIFLD Prison Dataset"
"18","Prison","STATEWIDE","Arkansas",2020-04-15,"61","34","0",NA,NA,NA,NA,NA,NA,NA,NA,NA,NA,NA,NA,57,NA,"HIFLD Prison Dataset"
"19","Prison","CUMMINS UNIT PRISON","Arkansas",2020-04-15,NA,"0","0",NA,NA,NA,NA,NA,NA,NA,NA,NA,NA,NA,10000085,56,1899,"HIFLD Prison Dataset"
"20","Prison","STATEWIDE","Arkansas",2020-04-16,"61","34","0",NA,NA,NA,NA,NA,NA,NA,NA,NA,NA,NA,NA,57,NA,"HIFLD Prison Dataset"
"21","Prison","CUMMINS UNIT PRISON","Arkansas",2020-04-16,NA,"0","0",NA,NA,NA,NA,NA,NA,NA,NA,NA,NA,NA,10000085,56,1899,"HIFLD Prison Dataset"
"22","Prison","STATEWIDE","Arkansas",2020-04-17,"34","34","0",NA,NA,NA,NA,NA,NA,NA,NA,NA,NA,NA,NA,57,NA,"HIFLD Prison Dataset"
"23","Prison","CUMMINS UNIT PRISON","Arkansas",2020-04-17,"129","0","0",NA,NA,NA,NA,NA,NA,NA,NA,NA,NA,NA,10000085,56,1899,"HIFLD Prison Dataset"
"24","Prison","STATEWIDE","Arkansas",2020-04-18,"34","34","0",NA,NA,NA,NA,NA,NA,NA,NA,NA,NA,NA,NA,57,NA,"HIFLD Prison Dataset"
"25","Prison","CUMMINS UNIT PRISON","Arkansas",2020-04-18,"129","0","0",NA,NA,NA,NA,NA,NA,NA,NA,NA,NA,NA,10000085,56,1899,"HIFLD Prison Dataset"
"26","Prison","STATEWIDE","Arkansas",2020-04-19,"34","34","0",NA,NA,NA,NA,NA,NA,NA,NA,NA,NA,NA,NA,57,NA,"HIFLD Prison Dataset"
"27","Prison","CUMMINS UNIT PRISON","Arkansas",2020-04-19,"129","0","0",NA,NA,NA,NA,NA,NA,NA,NA,NA,NA,NA,10000085,56,1899,"HIFLD Prison Dataset"
"28","Prison","STATEWIDE","Arkansas",2020-04-20,"34","34","0",NA,NA,NA,NA,NA,NA,NA,NA,NA,NA,NA,NA,57,NA,"HIFLD Prison Dataset"
"29","Prison","CUMMINS UNIT PRISON","Arkansas",2020-04-20,"129","0","0",NA,NA,NA,NA,NA,NA,NA,NA,NA,NA,NA,10000085,56,1899,"HIFLD Prison Dataset"
"30","Prison","STATEWIDE","Arkansas",2020-04-21,"56","25","0",NA,NA,NA,NA,NA,NA,NA,NA,NA,NA,NA,NA,57,NA,"HIFLD Prison Dataset"
"31","Prison","CUMMINS UNIT PRISON","Arkansas",2020-04-21,"675",NA,"0",NA,NA,NA,NA,NA,NA,NA,NA,NA,NA,NA,10000085,56,1899,"HIFLD Prison Dataset"
"32","Prison","STATEWIDE","Arkansas",2020-04-22,"56","25","0",NA,NA,NA,NA,NA,NA,NA,NA,NA,NA,NA,NA,57,NA,"HIFLD Prison Dataset"
"33","Prison","CUMMINS UNIT PRISON","Arkansas",2020-04-22,"675",NA,"0",NA,NA,NA,NA,NA,NA,NA,NA,NA,NA,NA,10000085,56,1899,"HIFLD Prison Dataset"
"34","Prison","STATEWIDE","Arkansas",2020-04-23,"56","25","0",NA,NA,NA,NA,NA,NA,NA,NA,NA,NA,NA,NA,57,NA,"HIFLD Prison Dataset"
"35","Prison","CUMMINS UNIT PRISON","Arkansas",2020-04-23,"675",NA,"0",NA,NA,NA,NA,NA,NA,NA,NA,NA,NA,NA,10000085,56,1899,"HIFLD Prison Dataset"
"36","Prison","STATEWIDE","Arkansas",2020-04-24,"61","34","0",NA,NA,NA,NA,NA,NA,NA,NA,NA,NA,NA,NA,57,NA,"HIFLD Prison Dataset"
"37","Prison","CUMMINS UNIT PRISON","Arkansas",2020-04-24,"690","30","0",NA,NA,NA,NA,NA,NA,NA,NA,NA,NA,NA,10000085,56,1899,"HIFLD Prison Dataset"
"38","Prison","STATEWIDE","Arkansas",2020-04-25,"61","34","0",NA,NA,NA,NA,NA,NA,NA,NA,NA,NA,NA,NA,57,NA,"HIFLD Prison Dataset"
"39","Prison","CUMMINS UNIT PRISON","Arkansas",2020-04-25,"690","30","0",NA,NA,NA,NA,NA,NA,NA,NA,NA,NA,NA,10000085,56,1899,"HIFLD Prison Dataset"
"40","Prison","STATEWIDE","Arkansas",2020-04-26,"61","34","0",NA,NA,NA,NA,NA,NA,NA,NA,NA,NA,NA,NA,57,NA,"HIFLD Prison Dataset"
"41","Prison","CUMMINS UNIT PRISON","Arkansas",2020-04-26,"690","30","0",NA,NA,NA,NA,NA,NA,NA,NA,NA,NA,NA,10000085,56,1899,"HIFLD Prison Dataset"
"42","Prison","STATEWIDE","Arkansas",2020-04-27,"61","34","0",NA,NA,NA,NA,NA,NA,NA,NA,NA,NA,NA,NA,57,NA,"HIFLD Prison Dataset"
"43","Prison","CUMMINS UNIT PRISON","Arkansas",2020-04-27,"690","30","0",NA,NA,NA,NA,NA,NA,NA,NA,NA,NA,NA,10000085,56,1899,"HIFLD Prison Dataset"
"44","Prison","STATEWIDE","Arkansas",2020-04-28,"921","34","0",NA,NA,NA,NA,NA,NA,NA,NA,NA,NA,NA,NA,57,NA,"HIFLD Prison Dataset"
"45","Prison","CUMMINS UNIT PRISON","Arkansas",2020-04-28,NA,"30","0",NA,NA,NA,NA,NA,NA,NA,NA,NA,NA,NA,10000085,56,1899,"HIFLD Prison Dataset"
"46","Prison","STATEWIDE","Arkansas",2020-04-29,"921","34","0",NA,NA,NA,NA,NA,NA,NA,NA,NA,NA,NA,NA,57,NA,"HIFLD Prison Dataset"
"47","Prison","CUMMINS UNIT PRISON","Arkansas",2020-04-29,NA,"30","0",NA,NA,NA,NA,NA,NA,NA,NA,NA,NA,NA,10000085,56,1899,"HIFLD Prison Dataset"
"48","Prison","STATEWIDE","Arkansas",2020-04-30,"921","34","0",NA,NA,NA,NA,NA,NA,NA,NA,NA,NA,NA,NA,57,NA,"HIFLD Prison Dataset"
"49","Prison","CUMMINS UNIT PRISON","Arkansas",2020-04-30,NA,"30","0",NA,NA,NA,NA,NA,NA,NA,NA,NA,NA,NA,10000085,56,1899,"HIFLD Prison Dataset"
"50","Prison","STATEWIDE","Arkansas",2020-05-01,"860","34","0",NA,NA,NA,NA,NA,NA,NA,NA,NA,NA,NA,NA,57,NA,"HIFLD Prison Dataset"
"51","Prison","CUMMINS UNIT PRISON","Arkansas",2020-05-01,NA,"30","0",NA,NA,NA,NA,NA,NA,NA,NA,NA,NA,NA,10000085,56,1899,"HIFLD Prison Dataset"
"52","Prison","STATEWIDE","Arkansas",2020-05-02,"860","34","0",NA,NA,NA,NA,NA,NA,NA,NA,NA,NA,NA,NA,57,NA,"HIFLD Prison Dataset"
"53","Prison","CUMMINS UNIT PRISON","Arkansas",2020-05-02,NA,"30","0",NA,NA,NA,NA,NA,NA,NA,NA,NA,NA,NA,10000085,56,1899,"HIFLD Prison Dataset"
"54","Prison","STATEWIDE","Arkansas",2020-05-03,"860","34","0",NA,NA,NA,NA,NA,NA,NA,NA,NA,NA,NA,NA,57,NA,"HIFLD Prison Dataset"
"55","Prison","CUMMINS UNIT PRISON","Arkansas",2020-05-03,NA,"30","0",NA,NA,NA,NA,NA,NA,NA,NA,NA,NA,NA,10000085,56,1899,"HIFLD Prison Dataset"
"56","Prison","STATEWIDE","Arkansas",2020-05-04,"860","34","0",NA,NA,NA,NA,NA,NA,NA,NA,NA,NA,NA,NA,57,NA,"HIFLD Prison Dataset"
"57","Prison","CUMMINS UNIT PRISON","Arkansas",2020-05-04,NA,"30","4",NA,NA,NA,NA,NA,NA,NA,NA,NA,NA,NA,10000085,56,1899,"HIFLD Prison Dataset"
"58","Prison","STATEWIDE","Arkansas",2020-05-05,"860","34","0",NA,NA,NA,NA,NA,NA,NA,NA,NA,NA,NA,NA,57,NA,"HIFLD Prison Dataset"
"59","Prison","CUMMINS UNIT PRISON","Arkansas",2020-05-05,NA,"30","4",NA,NA,NA,NA,NA,NA,NA,NA,NA,NA,NA,10000085,56,1899,"HIFLD Prison Dataset"
"60","Prison","STATEWIDE","Arkansas",2020-05-06,"868","34","0",NA,NA,NA,NA,NA,NA,NA,NA,NA,NA,NA,NA,57,NA,"HIFLD Prison Dataset"
"61","Prison","CUMMINS UNIT PRISON","Arkansas",2020-05-06,NA,"30","4",NA,NA,NA,NA,NA,NA,NA,NA,NA,NA,NA,10000085,56,1899,"HIFLD Prison Dataset"
"62","Prison","STATEWIDE","Arkansas",2020-05-07,"868","34","0",NA,NA,NA,NA,NA,NA,NA,NA,NA,NA,NA,NA,57,NA,"HIFLD Prison Dataset"
"63","Prison","CUMMINS UNIT PRISON","Arkansas",2020-05-07,NA,"30","4",NA,NA,NA,NA,NA,NA,NA,NA,NA,NA,NA,10000085,56,1899,"HIFLD Prison Dataset"
"64","Prison","STATEWIDE","Arkansas",2020-05-08,"868","34","0",NA,NA,NA,NA,NA,NA,NA,NA,NA,NA,NA,NA,57,NA,"HIFLD Prison Dataset"
"65","Prison","CUMMINS UNIT PRISON","Arkansas",2020-05-08,NA,"30","4",NA,NA,NA,NA,NA,NA,NA,NA,NA,NA,NA,10000085,56,1899,"HIFLD Prison Dataset"
"66","Prison","STATEWIDE","Arkansas",2020-05-09,"868","34","0",NA,NA,NA,NA,NA,NA,NA,NA,NA,NA,NA,NA,57,NA,"HIFLD Prison Dataset"
"67","Prison","CUMMINS UNIT PRISON","Arkansas",2020-05-09,NA,"30","4",NA,NA,NA,NA,NA,NA,NA,NA,NA,NA,NA,10000085,56,1899,"HIFLD Prison Dataset"
"68","Prison","STATEWIDE","Arkansas",2020-05-10,"868","34","0",NA,NA,NA,NA,NA,NA,NA,NA,NA,NA,NA,NA,57,NA,"HIFLD Prison Dataset"
"69","Prison","CUMMINS UNIT PRISON","Arkansas",2020-05-10,NA,"30","5",NA,NA,NA,NA,NA,NA,NA,NA,NA,NA,NA,10000085,56,1899,"HIFLD Prison Dataset"
"70","Prison","STATEWIDE","Arkansas",2020-05-11,"868","34","0",NA,NA,NA,NA,NA,NA,NA,NA,NA,NA,NA,NA,57,NA,"HIFLD Prison Dataset"
"71","Prison","CUMMINS UNIT PRISON","Arkansas",2020-05-11,NA,"30","5",NA,NA,NA,NA,NA,NA,NA,NA,NA,NA,NA,10000085,56,1899,"HIFLD Prison Dataset"
"72","Prison","STATEWIDE","Arkansas",2020-05-12,"1056","51","0",NA,"906",NA,NA,NA,NA,NA,NA,NA,NA,NA,NA,57,NA,"HIFLD Prison Dataset"
"73","Prison","CUMMINS UNIT PRISON","Arkansas",2020-05-12,NA,NA,"5",NA,NA,NA,NA,NA,NA,NA,NA,NA,NA,NA,10000085,56,1899,"HIFLD Prison Dataset"
"74","Prison","STATEWIDE","Arkansas",2020-05-13,"1056","51","0",NA,"906",NA,NA,NA,NA,NA,NA,NA,NA,NA,NA,57,NA,"HIFLD Prison Dataset"
"75","Prison","CUMMINS UNIT PRISON","Arkansas",2020-05-13,NA,NA,"5",NA,NA,NA,NA,NA,NA,NA,NA,NA,NA,NA,10000085,56,1899,"HIFLD Prison Dataset"
"76","Prison","STATEWIDE","Arkansas",2020-05-14,"1056","51","0",NA,"906",NA,NA,NA,NA,NA,NA,NA,NA,NA,NA,57,NA,"HIFLD Prison Dataset"
"77","Prison","CUMMINS UNIT PRISON","Arkansas",2020-05-14,NA,NA,"5",NA,NA,NA,NA,NA,NA,NA,NA,NA,NA,NA,10000085,56,1899,"HIFLD Prison Dataset"
"78","Prison","STATEWIDE","Arkansas",2020-05-15,"1056","51","0",NA,"906",NA,NA,NA,NA,NA,NA,NA,NA,NA,NA,57,NA,"HIFLD Prison Dataset"
"79","Prison","CUMMINS UNIT PRISON","Arkansas",2020-05-15,NA,NA,"5",NA,NA,NA,NA,NA,NA,NA,NA,NA,NA,NA,10000085,56,1899,"HIFLD Prison Dataset"
"80","Prison","STATEWIDE","Arkansas",2020-05-16,"1056","51","0",NA,"906",NA,NA,NA,NA,NA,NA,NA,NA,NA,NA,57,NA,"HIFLD Prison Dataset"
"81","Prison","CUMMINS UNIT PRISON","Arkansas",2020-05-16,NA,NA,"5",NA,NA,NA,NA,NA,NA,NA,NA,NA,NA,NA,10000085,56,1899,"HIFLD Prison Dataset"
"82","Prison","STATEWIDE","Arkansas",2020-05-17,"1056","51","0",NA,"906",NA,NA,NA,NA,NA,NA,NA,NA,NA,NA,57,NA,"HIFLD Prison Dataset"
"83","Prison","CUMMINS UNIT PRISON","Arkansas",2020-05-17,NA,NA,"5",NA,NA,NA,NA,NA,NA,NA,NA,NA,NA,NA,10000085,56,1899,"HIFLD Prison Dataset"
"84","Prison","STATEWIDE","Arkansas",2020-05-18,"1056","51","0",NA,"906",NA,NA,NA,NA,NA,NA,NA,NA,NA,NA,57,NA,"HIFLD Prison Dataset"
"85","Prison","CUMMINS UNIT PRISON","Arkansas",2020-05-18,NA,NA,"5",NA,NA,NA,NA,NA,NA,NA,NA,NA,NA,NA,10000085,56,1899,"HIFLD Prison Dataset"
"86","Prison","STATEWIDE","Arkansas",2020-05-19,"1246","30","0",NA,"917",NA,NA,NA,NA,NA,NA,NA,NA,NA,NA,57,NA,"HIFLD Prison Dataset"
"87","Prison","CUMMINS UNIT PRISON","Arkansas",2020-05-19,NA,NA,"5",NA,NA,NA,NA,NA,NA,NA,NA,NA,NA,NA,10000085,56,1899,"HIFLD Prison Dataset"
"88","Prison","STATEWIDE","Arkansas",2020-05-20,"1246","30","0",NA,"917",NA,NA,NA,NA,NA,NA,NA,NA,NA,NA,57,NA,"HIFLD Prison Dataset"
"89","Prison","CUMMINS UNIT PRISON","Arkansas",2020-05-20,NA,NA,"5",NA,NA,NA,NA,NA,NA,NA,NA,NA,NA,NA,10000085,56,1899,"HIFLD Prison Dataset"
"90","Prison","STATEWIDE","Arkansas",2020-05-21,"1246","30","0",NA,"917",NA,NA,NA,NA,NA,NA,NA,NA,NA,NA,57,NA,"HIFLD Prison Dataset"
"91","Prison","CUMMINS UNIT PRISON","Arkansas",2020-05-21,NA,NA,"5",NA,NA,NA,NA,NA,NA,NA,NA,NA,NA,NA,10000085,56,1899,"HIFLD Prison Dataset"
"92","Prison","STATEWIDE","Arkansas",2020-05-22,"1246","30","0",NA,"917",NA,NA,NA,NA,NA,NA,NA,NA,NA,NA,57,NA,"HIFLD Prison Dataset"
"93","Prison","CUMMINS UNIT PRISON","Arkansas",2020-05-22,NA,NA,"5",NA,NA,NA,NA,NA,NA,NA,NA,NA,NA,NA,10000085,56,1899,"HIFLD Prison Dataset"
"94","Prison","STATEWIDE","Arkansas",2020-05-23,"1246","30","0",NA,"917",NA,NA,NA,NA,NA,NA,NA,NA,NA,NA,57,NA,"HIFLD Prison Dataset"
"95","Prison","CUMMINS UNIT PRISON","Arkansas",2020-05-23,NA,NA,"5",NA,NA,NA,NA,NA,NA,NA,NA,NA,NA,NA,10000085,56,1899,"HIFLD Prison Dataset"
"96","Prison","STATEWIDE","Arkansas",2020-05-24,"1246","30","0",NA,"917",NA,NA,NA,NA,NA,NA,NA,NA,NA,NA,57,NA,"HIFLD Prison Dataset"
"97","Prison","CUMMINS UNIT PRISON","Arkansas",2020-05-24,NA,NA,"5",NA,NA,NA,NA,NA,NA,NA,NA,NA,NA,NA,10000085,56,1899,"HIFLD Prison Dataset"
"98","Prison","STATEWIDE","Arkansas",2020-05-25,"1246","30","0",NA,"917",NA,NA,NA,NA,NA,NA,NA,NA,NA,NA,57,NA,"HIFLD Prison Dataset"
"99","Prison","CUMMINS UNIT PRISON","Arkansas",2020-05-25,NA,NA,"5",NA,NA,NA,NA,NA,NA,NA,NA,NA,NA,NA,10000085,56,1899,"HIFLD Prison Dataset"
"100","Prison","STATEWIDE","Arkansas",2020-05-26,"1246","30","0",NA,"917",NA,NA,NA,NA,NA,NA,NA,NA,NA,NA,57,NA,"HIFLD Prison Dataset"
"101","Prison","CUMMINS UNIT PRISON","Arkansas",2020-05-26,NA,NA,"5",NA,NA,NA,NA,NA,NA,NA,NA,NA,NA,NA,10000085,56,1899,"HIFLD Prison Dataset"
"102","Prison","STATEWIDE","Arkansas",2020-05-27,"1246","30","0",NA,"917",NA,NA,NA,NA,NA,NA,NA,NA,NA,NA,57,NA,"HIFLD Prison Dataset"
"103","Prison","CUMMINS UNIT PRISON","Arkansas",2020-05-27,NA,NA,"5",NA,NA,NA,NA,NA,NA,NA,NA,NA,NA,NA,10000085,56,1899,"HIFLD Prison Dataset"
"104","Prison","STATEWIDE","Arkansas",2020-05-28,"1246","30","0",NA,"917",NA,NA,NA,NA,NA,NA,NA,NA,NA,NA,57,NA,"HIFLD Prison Dataset"
"105","Prison","CUMMINS UNIT PRISON","Arkansas",2020-05-28,NA,NA,"5",NA,NA,NA,NA,NA,NA,NA,NA,NA,NA,NA,10000085,56,1899,"HIFLD Prison Dataset"
"106","Prison","STATEWIDE","Arkansas",2020-05-29,"1251","30","0",NA,"1238",NA,NA,NA,NA,NA,NA,NA,NA,NA,NA,57,NA,"HIFLD Prison Dataset"
"107","Prison","CUMMINS UNIT PRISON","Arkansas",2020-05-29,NA,NA,"5",NA,NA,NA,NA,NA,NA,NA,NA,NA,NA,NA,10000085,56,1899,"HIFLD Prison Dataset"
"108","Prison","STATEWIDE","Arkansas",2020-05-30,"1251","30","0",NA,"1238",NA,NA,NA,NA,NA,NA,NA,NA,NA,NA,57,NA,"HIFLD Prison Dataset"
"109","Prison","CUMMINS UNIT PRISON","Arkansas",2020-05-30,NA,NA,"5",NA,NA,NA,NA,NA,NA,NA,NA,NA,NA,NA,10000085,56,1899,"HIFLD Prison Dataset"
"110","Prison","STATEWIDE","Arkansas",2020-05-31,"1251","30","0",NA,"1238",NA,NA,NA,NA,NA,NA,NA,NA,NA,NA,57,NA,"HIFLD Prison Dataset"
"111","Prison","CUMMINS UNIT PRISON","Arkansas",2020-05-31,NA,NA,"5",NA,NA,NA,NA,NA,NA,NA,NA,NA,NA,NA,10000085,56,1899,"HIFLD Prison Dataset"
"112","Prison","STATEWIDE","Arkansas",2020-06-01,"1251","30","0",NA,"1238",NA,NA,NA,NA,NA,NA,NA,NA,NA,NA,57,NA,"HIFLD Prison Dataset"
"113","Prison","CUMMINS UNIT PRISON","Arkansas",2020-06-01,NA,NA,"5",NA,NA,NA,NA,NA,NA,NA,NA,NA,NA,NA,10000085,56,1899,"HIFLD Prison Dataset"
"114","Prison","STATEWIDE","Arkansas",2020-06-02,"1251","30","0",NA,"1238",NA,NA,NA,NA,NA,NA,NA,NA,NA,NA,57,NA,"HIFLD Prison Dataset"
"115","Prison","CUMMINS UNIT PRISON","Arkansas",2020-06-02,NA,NA,"5",NA,NA,NA,NA,NA,NA,NA,NA,NA,NA,NA,10000085,56,1899,"HIFLD Prison Dataset"
"116","Prison","STATEWIDE","Arkansas",2020-06-03,"1251","17","0",NA,"1238",NA,NA,NA,NA,NA,NA,NA,NA,NA,NA,57,NA,"HIFLD Prison Dataset"
"117","Prison","CUMMINS UNIT PRISON","Arkansas",2020-06-03,NA,NA,"5",NA,NA,NA,NA,NA,NA,NA,NA,NA,NA,NA,10000085,56,1899,"HIFLD Prison Dataset"
"118","Prison","STATEWIDE","Arkansas",2020-06-04,"1251","17","0",NA,"1238",NA,NA,NA,NA,NA,NA,NA,NA,NA,NA,57,NA,"HIFLD Prison Dataset"
"119","Prison","CUMMINS UNIT PRISON","Arkansas",2020-06-04,NA,NA,"5",NA,NA,NA,NA,NA,NA,NA,NA,NA,NA,NA,10000085,56,1899,"HIFLD Prison Dataset"
"120","Prison","STATEWIDE","Arkansas",2020-06-05,"1251","17","0",NA,"1238",NA,NA,NA,NA,NA,NA,NA,NA,NA,NA,57,NA,"HIFLD Prison Dataset"
"121","Prison","CUMMINS UNIT PRISON","Arkansas",2020-06-05,NA,NA,"5",NA,NA,NA,NA,NA,NA,NA,NA,NA,NA,NA,10000085,56,1899,"HIFLD Prison Dataset"
"122","Prison","STATEWIDE","Arkansas",2020-06-06,"1248","17","0",NA,"1234",NA,NA,NA,NA,NA,NA,NA,NA,NA,NA,57,NA,"HIFLD Prison Dataset"
"123","Prison","CUMMINS UNIT PRISON","Arkansas",2020-06-06,NA,NA,"5",NA,NA,NA,NA,NA,NA,NA,NA,NA,NA,NA,10000085,56,1899,"HIFLD Prison Dataset"
"124","Prison","STATEWIDE","Arkansas",2020-06-07,"1248","17","0",NA,"1234",NA,NA,NA,NA,NA,NA,NA,NA,NA,NA,57,NA,"HIFLD Prison Dataset"
"125","Prison","CUMMINS UNIT PRISON","Arkansas",2020-06-07,NA,NA,"5",NA,NA,NA,NA,NA,NA,NA,NA,NA,NA,NA,10000085,56,1899,"HIFLD Prison Dataset"
"126","Prison","STATEWIDE","Arkansas",2020-06-08,"1248","17","0",NA,"1234",NA,NA,NA,NA,NA,NA,NA,NA,NA,NA,57,NA,"HIFLD Prison Dataset"
"127","Prison","CUMMINS UNIT PRISON","Arkansas",2020-06-08,NA,NA,"5",NA,NA,NA,NA,NA,NA,NA,NA,NA,NA,NA,10000085,56,1899,"HIFLD Prison Dataset"
"128","Prison","STATEWIDE","Arkansas",2020-06-09,"1277","19","0",NA,"1234",NA,NA,NA,NA,NA,NA,NA,NA,NA,NA,57,NA,"HIFLD Prison Dataset"
"129","Prison","CUMMINS UNIT PRISON","Arkansas",2020-06-09,NA,NA,"5",NA,NA,NA,NA,NA,NA,NA,NA,NA,NA,NA,10000085,56,1899,"HIFLD Prison Dataset"
"130","Prison","STATEWIDE","Arkansas",2020-06-10,"1277","19","0",NA,"1234",NA,NA,NA,NA,NA,NA,NA,NA,NA,NA,57,NA,"HIFLD Prison Dataset"
"131","Prison","CUMMINS UNIT PRISON","Arkansas",2020-06-10,NA,NA,"5",NA,NA,NA,NA,NA,NA,NA,NA,NA,NA,NA,10000085,56,1899,"HIFLD Prison Dataset"
"132","Prison","STATEWIDE","Arkansas",2020-06-11,"1277","19","0",NA,"1234",NA,NA,NA,NA,NA,NA,NA,NA,NA,NA,57,NA,"HIFLD Prison Dataset"
"133","Prison","CUMMINS UNIT PRISON","Arkansas",2020-06-11,NA,NA,"5",NA,NA,NA,NA,NA,NA,NA,NA,NA,NA,NA,10000085,56,1899,"HIFLD Prison Dataset"
"134","Prison","STATEWIDE","Arkansas",2020-06-12,"1277","19","0","NA","1234","NA",NA,NA,NA,NA,NA,NA,NA,NA,NA,57,NA,"HIFLD Prison Dataset"
"135","Prison","CUMMINS UNIT PRISON","Arkansas",2020-06-12,"NA","NA","5","NA","NA","NA",NA,NA,NA,NA,NA,NA,NA,NA,10000085,56,1899,"HIFLD Prison Dataset"
"136","Prison","STATEWIDE","Arkansas",2020-06-13,"1277","19","0","NA","1234","NA",NA,NA,NA,NA,NA,NA,NA,NA,NA,57,NA,"HIFLD Prison Dataset"
"137","Prison","CUMMINS UNIT PRISON","Arkansas",2020-06-13,"NA","NA","5","NA","NA","NA",NA,NA,NA,NA,NA,NA,NA,NA,10000085,56,1899,"HIFLD Prison Dataset"
"138","Prison","STATEWIDE","Arkansas",2020-06-14,"1277","19","0","NA","1234","NA",NA,NA,NA,NA,NA,NA,NA,NA,NA,57,NA,"HIFLD Prison Dataset"
"139","Prison","CUMMINS UNIT PRISON","Arkansas",2020-06-14,"NA","NA","5","NA","NA","NA",NA,NA,NA,NA,NA,NA,NA,NA,10000085,56,1899,"HIFLD Prison Dataset"
"140","Prison","STATEWIDE","Arkansas",2020-06-15,"1277","19","0","NA","1234","NA",NA,NA,NA,NA,NA,NA,NA,NA,NA,57,NA,"HIFLD Prison Dataset"
"141","Prison","CUMMINS UNIT PRISON","Arkansas",2020-06-15,"NA","NA","5","NA","NA","NA",NA,NA,NA,NA,NA,NA,NA,NA,10000085,56,1899,"HIFLD Prison Dataset"
"142","Prison","STATEWIDE","Arkansas",2020-06-16,"1277","19","0","NA","1234","NA",NA,NA,NA,NA,NA,NA,NA,NA,NA,57,NA,"HIFLD Prison Dataset"
"143","Prison","CUMMINS UNIT PRISON","Arkansas",2020-06-16,"NA","NA","5","NA","NA","NA",NA,NA,NA,NA,NA,NA,NA,NA,10000085,56,1899,"HIFLD Prison Dataset"
"144","Prison","STATEWIDE","Arkansas",2020-06-17,"1277","19","0","NA","1234","NA",NA,NA,NA,NA,NA,NA,NA,NA,NA,57,NA,"HIFLD Prison Dataset"
"145","Prison","CUMMINS UNIT PRISON","Arkansas",2020-06-17,"NA","NA","5","NA","NA","NA",NA,NA,NA,NA,NA,NA,NA,NA,10000085,56,1899,"HIFLD Prison Dataset"
"146","Prison","STATEWIDE","Arkansas",2020-06-18,"1277","19","0","NA","1234","NA",NA,NA,NA,NA,NA,NA,NA,NA,NA,57,NA,"HIFLD Prison Dataset"
"147","Prison","CUMMINS UNIT PRISON","Arkansas",2020-06-18,"NA","NA","5","NA","NA","NA",NA,NA,NA,NA,NA,NA,NA,NA,10000085,56,1899,"HIFLD Prison Dataset"
"148","Prison","STATEWIDE","Arkansas",2020-06-19,"1277","19","0","NA","1234","NA",NA,NA,NA,NA,NA,NA,NA,NA,NA,57,NA,"HIFLD Prison Dataset"
"149","Prison","CUMMINS UNIT PRISON","Arkansas",2020-06-19,"NA","NA","5","NA","NA","NA",NA,NA,NA,NA,NA,NA,NA,NA,10000085,56,1899,"HIFLD Prison Dataset"
"150","Prison","STATEWIDE","Arkansas",2020-06-20,"1277","19","0","NA","1234","NA",NA,NA,NA,NA,NA,NA,NA,NA,NA,57,NA,"HIFLD Prison Dataset"
"151","Prison","CUMMINS UNIT PRISON","Arkansas",2020-06-20,"NA","NA","5","NA","NA","NA",NA,NA,NA,NA,NA,NA,NA,NA,10000085,56,1899,"HIFLD Prison Dataset"
"152","Prison","STATEWIDE","Arkansas",2020-06-21,"1277","19","0","NA","1234","NA",NA,NA,NA,NA,NA,NA,NA,NA,NA,57,NA,"HIFLD Prison Dataset"
"153","Prison","CUMMINS UNIT PRISON","Arkansas",2020-06-21,"NA","NA","5","NA","NA","NA",NA,NA,NA,NA,NA,NA,NA,NA,10000085,56,1899,"HIFLD Prison Dataset"
"154","Prison","STATEWIDE","Arkansas",2020-06-22,"1277","19","0","NA","1234","NA",NA,NA,NA,NA,NA,NA,NA,NA,NA,57,NA,"HIFLD Prison Dataset"
"155","Prison","CUMMINS UNIT PRISON","Arkansas",2020-06-22,"NA","NA","5","NA","NA","NA",NA,NA,NA,NA,NA,NA,NA,NA,10000085,56,1899,"HIFLD Prison Dataset"
"156","Prison","STATEWIDE","Arkansas",2020-06-23,"1277","19","0","NA","1234","NA",NA,NA,NA,NA,NA,NA,NA,NA,NA,57,NA,"HIFLD Prison Dataset"
"157","Prison","CUMMINS UNIT PRISON","Arkansas",2020-06-23,"NA","NA","5","NA","NA","NA",NA,NA,NA,NA,NA,NA,NA,NA,10000085,56,1899,"HIFLD Prison Dataset"
"158","Prison","STATEWIDE","Arkansas",2020-06-24,"1277","19","0","NA","1234","NA",NA,NA,NA,NA,NA,NA,NA,NA,NA,57,NA,"HIFLD Prison Dataset"
"159","Prison","CUMMINS UNIT PRISON","Arkansas",2020-06-24,"NA","NA","5","NA","NA","NA",NA,NA,NA,NA,NA,NA,NA,NA,10000085,56,1899,"HIFLD Prison Dataset"
"160","Prison","STATEWIDE","Arkansas",2020-06-25,"1277","19","0","NA","1234","NA",NA,NA,NA,NA,NA,NA,NA,NA,NA,57,NA,"HIFLD Prison Dataset"
"161","Prison","CUMMINS UNIT PRISON","Arkansas",2020-06-25,"NA","NA","5","NA","NA","NA",NA,NA,NA,NA,NA,NA,NA,NA,10000085,56,1899,"HIFLD Prison Dataset"
"162","Prison","STATEWIDE","Arkansas",2020-06-26,"2276","75",NA,"NA","1391","141","6961","2125","NA","NA","NA","NA","NA","NA",NA,57,NA,"HIFLD Prison Dataset"
"163","Prison","CUMMINS UNIT PRISON","Arkansas",2020-06-26,"NA","NA","5","NA","NA","NA","NA","NA","NA","NA","NA","NA","NA","NA",10000085,56,1899,"HIFLD Prison Dataset"
"164","Prison","STATEWIDE","Arkansas",2020-06-27,"2276","75","NA","NA","1391","141","6961","2125","NA","NA","NA","NA","NA","NA",NA,57,NA,"HIFLD Prison Dataset"
"165","Prison","CUMMINS UNIT PRISON","Arkansas",2020-06-27,"NA","NA","5","NA","NA","NA","NA","NA","NA","NA","NA","NA","NA","NA",10000085,56,1899,"HIFLD Prison Dataset"
"166","Prison","STATEWIDE","Arkansas",2020-06-28,"2276","75","NA","NA","1391","141","6961","2125","NA","NA","NA","NA","NA","NA",NA,57,NA,"HIFLD Prison Dataset"
"167","Prison","CUMMINS UNIT PRISON","Arkansas",2020-06-28,"NA","NA","5","NA","NA","NA","NA","NA","NA","NA","NA","NA","NA","NA",10000085,56,1899,"HIFLD Prison Dataset"
"168","Prison","STATEWIDE","Arkansas",2020-06-29,"2276","75","NA","NA","1391","141","6961","2125","NA","NA","NA","NA","NA","NA",NA,57,NA,"HIFLD Prison Dataset"
"169","Prison","CUMMINS UNIT PRISON","Arkansas",2020-06-29,"NA","NA","5","NA","NA","NA","NA","NA","NA","NA","NA","NA","NA","NA",10000085,56,1899,"HIFLD Prison Dataset"
"170","Prison","STATEWIDE","Arkansas",2020-06-30,"2276","75","NA","NA","1391","141","6961","2125","NA","NA","NA","NA","NA","NA",NA,57,NA,"HIFLD Prison Dataset"
"171","Prison","CUMMINS UNIT PRISON","Arkansas",2020-06-30,"NA","NA","5","NA","NA","NA","NA","NA","NA","NA","NA","NA","NA","NA",10000085,56,1899,"HIFLD Prison Dataset"
"172","Prison","STATEWIDE","Arkansas",2020-07-01,"2276","216","NA","NA","1391","141","6961","2125","NA","NA","NA","NA","NA","NA",NA,57,NA,"HIFLD Prison Dataset"
"173","Prison","CUMMINS UNIT PRISON","Arkansas",2020-07-01,"NA","NA","5","NA","NA","NA","NA","NA","NA","NA","NA","NA","NA","NA",10000085,56,1899,"HIFLD Prison Dataset"
"174","Prison","STATEWIDE","Arkansas",2020-07-02,"2276","216","NA","NA","1391","141","6961","2125","NA","NA","NA","NA","NA","NA",NA,57,NA,"HIFLD Prison Dataset"
"175","Prison","CUMMINS UNIT PRISON","Arkansas",2020-07-02,"NA","NA","5","NA","NA","NA","NA","NA","NA","NA","NA","NA","NA","NA",10000085,56,1899,"HIFLD Prison Dataset"
"176","Prison","STATEWIDE","Arkansas",2020-07-03,"2581","241","NA","NA","1884","184","7033","2305","NA","NA","NA","NA","NA","NA",NA,57,NA,"HIFLD Prison Dataset"
"177","Prison","CUMMINS UNIT PRISON","Arkansas",2020-07-03,"NA","NA","5","NA","NA","NA","NA","NA","NA","NA","NA","NA","NA","NA",10000085,56,1899,"HIFLD Prison Dataset"
"178","Prison","STATEWIDE","Arkansas",2020-07-04,"2581","241","NA","NA","1884","184","7033","2305","NA","NA","NA","NA","NA","NA",NA,57,NA,"HIFLD Prison Dataset"
"179","Prison","CUMMINS UNIT PRISON","Arkansas",2020-07-04,"NA","NA","5","NA","NA","NA","NA","NA","NA","NA","NA","NA","NA","NA",10000085,56,1899,"HIFLD Prison Dataset"
"180","Prison","STATEWIDE","Arkansas",2020-07-05,"2581","241","NA","NA","1884","184","7033","2305","NA","NA","NA","NA","NA","NA",NA,57,NA,"HIFLD Prison Dataset"
"181","Prison","CUMMINS UNIT PRISON","Arkansas",2020-07-05,"NA","NA","5","NA","NA","NA","NA","NA","NA","NA","NA","NA","NA","NA",10000085,56,1899,"HIFLD Prison Dataset"
"182","Prison","STATEWIDE","Arkansas",2020-07-06,"2581","241","NA","NA","1884","184","7033","2305","NA","NA","NA","NA","NA","NA",NA,57,NA,"HIFLD Prison Dataset"
"183","Prison","CUMMINS UNIT PRISON","Arkansas",2020-07-06,"NA","NA","5",NA,"NA","NA","NA","NA","NA","NA","NA","NA","NA","NA",10000085,56,1899,"HIFLD Prison Dataset"
"184","Prison","STATEWIDE","Arkansas",2020-07-07,"2581","241","NA","NA","1884","184","7033","2305","NA","NA","NA","NA","NA","NA",NA,57,NA,"HIFLD Prison Dataset"
"185","Prison","CUMMINS UNIT PRISON","Arkansas",2020-07-07,"NA","NA","5","NA","NA","NA","NA","NA","NA","NA","NA","NA","NA","NA",10000085,56,1899,"HIFLD Prison Dataset"
"186","Prison","STATEWIDE","Arkansas",2020-07-08,"2581","241","NA","NA","1884","184","7033","2305","NA","NA","NA","NA","NA","NA",NA,57,NA,"HIFLD Prison Dataset"
"187","Prison","CUMMINS UNIT PRISON","Arkansas",2020-07-08,"NA","NA","5","NA","NA","NA","NA","NA","NA","NA","NA","NA","NA","NA",10000085,56,1899,"HIFLD Prison Dataset"
"188","Prison","STATEWIDE","Arkansas",2020-07-09,"2581","241","NA","NA","1884","184","7033","2305","NA","NA","NA","NA","NA","NA",NA,57,NA,"HIFLD Prison Dataset"
"189","Prison","CUMMINS UNIT PRISON","Arkansas",2020-07-09,"NA","NA","5","NA","NA","NA","NA","NA","NA","NA","NA","NA","NA","NA",10000085,56,1899,"HIFLD Prison Dataset"
"190","Prison","STATEWIDE","Arkansas",2020-07-10,"2581","241","NA","NA","1884","184","7033","2305","NA","NA","NA","NA","NA","NA",NA,57,NA,"HIFLD Prison Dataset"
"191","Prison","CUMMINS UNIT PRISON","Arkansas",2020-07-10,"NA","NA","5","NA","NA","NA","NA","NA","NA","NA","NA","NA","NA","NA",10000085,56,1899,"HIFLD Prison Dataset"
"192","Prison","STATEWIDE","Arkansas",2020-07-11,"2581","241","NA","NA","1884","184","7033","2305","NA","NA","NA","NA","NA","NA",NA,57,NA,"HIFLD Prison Dataset"
"193","Prison","CUMMINS UNIT PRISON","Arkansas",2020-07-11,"NA","NA","5","NA","NA","NA","NA","NA","NA","NA","NA","NA","NA","NA",10000085,56,1899,"HIFLD Prison Dataset"
"194","Prison","STATEWIDE","Arkansas",2020-07-12,"2581","241","NA","NA","1884","184","7033","2305","NA","NA","NA","NA","NA","NA",NA,57,NA,"HIFLD Prison Dataset"
"195","Prison","CUMMINS UNIT PRISON","Arkansas",2020-07-12,"NA","NA","5","NA","NA","NA","NA","NA","NA","NA","NA","NA","NA","NA",10000085,56,1899,"HIFLD Prison Dataset"
"196","Prison","STATEWIDE","Arkansas",2020-07-13,"2581","241","NA","NA","1884","184","7033","2305","NA","NA","NA","NA","NA","NA",NA,57,NA,"HIFLD Prison Dataset"
"197","Prison","CUMMINS UNIT PRISON","Arkansas",2020-07-13,"NA","NA","5","NA","NA","NA","NA","NA","NA","NA","NA","NA","NA","NA",10000085,56,1899,"HIFLD Prison Dataset"
"198","Prison","STATEWIDE","Arkansas",2020-07-14,"2581","241","NA","NA","1884","184","7033","2305","NA","NA","NA","NA","NA","NA",NA,57,NA,"HIFLD Prison Dataset"
"199","Prison","CUMMINS UNIT PRISON","Arkansas",2020-07-14,"NA","NA","5","NA","NA","NA","NA","NA","NA","NA","NA","NA","NA","NA",10000085,56,1899,"HIFLD Prison Dataset"
"200","Prison","STATEWIDE","Arkansas",2020-07-15,"2581","241","NA","NA","1884","184","7033","2305","NA","NA","NA","NA","NA","NA",NA,57,NA,"HIFLD Prison Dataset"
"201","Prison","CUMMINS UNIT PRISON","Arkansas",2020-07-15,"NA","NA","5","NA","NA","NA","NA","NA","NA","NA","NA","NA","NA","NA",10000085,56,1899,"HIFLD Prison Dataset"
"202","Prison","STATEWIDE","Arkansas",2020-07-16,"2581","241","NA","NA","1884","184","7033","2305","NA","NA","NA","NA","NA","NA",NA,57,NA,"HIFLD Prison Dataset"
"203","Prison","CUMMINS UNIT PRISON","Arkansas",2020-07-16,"NA","NA","5","NA","NA","NA","NA","NA","NA","NA","NA","NA","NA","NA",10000085,56,1899,"HIFLD Prison Dataset"
"204","Prison","STATEWIDE","Arkansas",2020-07-17,"3728","254","NA","NA","2788","214","8255","2378","NA","NA","NA","NA","NA","NA",NA,57,NA,"HIFLD Prison Dataset"
"205","Prison","CUMMINS UNIT PRISON","Arkansas",2020-07-17,"NA","NA","5","NA","NA","NA","NA","NA","NA","NA","NA","NA","NA","NA",10000085,56,1899,"HIFLD Prison Dataset"
"206","Prison","STATEWIDE","Arkansas",2020-07-18,"3728","254","NA","NA","2788","214","8255","2378","NA","NA","NA","NA","NA","NA",NA,57,NA,"HIFLD Prison Dataset"
"207","Prison","CUMMINS UNIT PRISON","Arkansas",2020-07-18,"NA","NA","5","NA","NA","NA","NA","NA","NA","NA","NA","NA","NA","NA",10000085,56,1899,"HIFLD Prison Dataset"
"208","Prison","STATEWIDE","Arkansas",2020-07-19,"3728","254","NA","NA","2788","214","8255","2378","NA","NA","NA","NA","NA","NA",NA,57,NA,"HIFLD Prison Dataset"
"209","Prison","CUMMINS UNIT PRISON","Arkansas",2020-07-19,"NA","NA","5","NA","NA","NA","NA","NA","NA","NA","NA","NA","NA","NA",10000085,56,1899,"HIFLD Prison Dataset"
"210","Prison","STATEWIDE","Arkansas",2020-07-20,"3728","254","NA","NA","2788","214","8255","2378","NA","NA","NA","NA","NA","NA",NA,57,NA,"HIFLD Prison Dataset"
"211","Prison","CUMMINS UNIT PRISON","Arkansas",2020-07-20,"NA","NA","5","NA","NA","NA","NA","NA","NA","NA","NA","NA","NA","NA",10000085,56,1899,"HIFLD Prison Dataset"
"212","Prison","STATEWIDE","Arkansas",2020-07-21,"3728","254","NA","NA","2788","214","8255","2378","NA","NA","NA","NA","NA","NA",NA,57,NA,"HIFLD Prison Dataset"
"213","Prison","CUMMINS UNIT PRISON","Arkansas",2020-07-21,"NA","NA","5","NA","NA","NA","NA","NA","NA","NA","NA","NA","NA","NA",10000085,56,1899,"HIFLD Prison Dataset"
"214","Prison","STATEWIDE","Arkansas",2020-07-22,"3728","254","NA","NA","2788","214","8255","2378","NA","NA","NA","NA","NA","NA",NA,57,NA,"HIFLD Prison Dataset"
"215","Prison","CUMMINS UNIT PRISON","Arkansas",2020-07-22,"NA","NA","5","NA","NA","NA","NA","NA","NA","NA","NA","NA","NA","NA",10000085,56,1899,"HIFLD Prison Dataset"
"216","Prison","STATEWIDE","Arkansas",2020-07-23,"3728","254","NA","NA","2788","214","8255","2378","NA","NA","NA","NA","NA","NA",NA,57,NA,"HIFLD Prison Dataset"
"217","Prison","CUMMINS UNIT PRISON","Arkansas",2020-07-23,"NA","NA","5","NA","NA","NA","NA","NA","NA","NA","NA","NA","NA","NA",10000085,56,1899,"HIFLD Prison Dataset"
"218","Prison","STATEWIDE","Arkansas",2020-07-24,"3728","254","NA","NA","2788","214","8255","2378","NA","NA","NA","NA","NA","NA",NA,57,NA,"HIFLD Prison Dataset"
"219","Prison","CUMMINS UNIT PRISON","Arkansas",2020-07-24,"NA","NA","5","NA","NA","NA","NA","NA","NA","NA","NA","NA","NA","NA",10000085,56,1899,"HIFLD Prison Dataset"
"220","Prison","STATEWIDE","Arkansas",2020-07-25,"3728","254","NA","NA","2788","214","8255","2378","NA","NA","NA","NA","NA","NA",NA,57,NA,"HIFLD Prison Dataset"
"221","Prison","CUMMINS UNIT PRISON","Arkansas",2020-07-25,"NA","NA","5","NA","NA","NA","NA","NA","NA","NA","NA","NA","NA","NA",10000085,56,1899,"HIFLD Prison Dataset"
"222","Prison","STATEWIDE","Arkansas",2020-07-26,"3728","254","NA","NA","2788","214","8255","2378","NA","NA","NA","NA","NA","NA",NA,57,NA,"HIFLD Prison Dataset"
"223","Prison","CUMMINS UNIT PRISON","Arkansas",2020-07-26,"NA","NA","5","NA","NA","NA","NA","NA","NA","NA","NA","NA","NA","NA",10000085,56,1899,"HIFLD Prison Dataset"
"224","Prison","STATEWIDE","Arkansas",2020-07-27,"3728","254","NA","NA","2788","214","8255","2378","NA","NA","NA","NA","NA","NA",NA,57,NA,"HIFLD Prison Dataset"
"225","Prison","CUMMINS UNIT PRISON","Arkansas",2020-07-27,"NA","NA","5","NA","NA","NA","NA","NA","NA","NA","NA","NA","NA","NA",10000085,56,1899,"HIFLD Prison Dataset"
"226","Prison","STATEWIDE","Arkansas",2020-07-28,"3728","254","NA","NA","2788","214","8255","2378","NA","NA","NA","NA","NA","NA",NA,57,NA,"HIFLD Prison Dataset"
"227","Prison","CUMMINS UNIT PRISON","Arkansas",2020-07-28,"NA","NA","5","NA","NA","NA","NA","NA","NA","NA","NA","NA","NA","NA",10000085,56,1899,"HIFLD Prison Dataset"
"228","Prison","STATEWIDE","Arkansas",2020-07-29,"3728","254","NA","NA","2788","214","8255","2378","NA","NA","NA","NA","NA","NA",NA,57,NA,"HIFLD Prison Dataset"
"229","Prison","CUMMINS UNIT PRISON","Arkansas",2020-07-29,"NA","NA","5","NA","NA","NA","NA","NA","NA","NA","NA","NA","NA","NA",10000085,56,1899,"HIFLD Prison Dataset"
"230","Prison","STATEWIDE","Arkansas",2020-07-30,"3728","254","NA","NA","2788","214","8255","2378","NA","NA","NA","NA","NA","NA",NA,57,NA,"HIFLD Prison Dataset"
"231","Prison","CUMMINS UNIT PRISON","Arkansas",2020-07-30,"NA","NA","5","NA","NA","NA","NA","NA","NA","NA","NA","NA","NA","NA",10000085,56,1899,"HIFLD Prison Dataset"
"232","Prison","STATEWIDE","Arkansas",2020-07-31,"4008","283","NA","NA","3007","221","9319","3044","NA","NA","NA","NA","NA","NA",NA,57,NA,"HIFLD Prison Dataset"
"233","Prison","CUMMINS UNIT PRISON","Arkansas",2020-07-31,"NA","NA","5","NA","NA","NA","NA","NA","NA","NA","NA","NA","NA","NA",10000085,56,1899,"HIFLD Prison Dataset"
"234","Prison","STATEWIDE","Arkansas",2020-08-01,"4008","283","NA","NA","3007","221","9319","3044","NA","NA","NA","NA","NA","NA",NA,57,NA,"HIFLD Prison Dataset"
"235","Prison","CUMMINS UNIT PRISON","Arkansas",2020-08-01,"NA","NA","5","NA","NA","NA","NA","NA","NA","NA","NA","NA","NA","NA",10000085,56,1899,"HIFLD Prison Dataset"
"236","Prison","STATEWIDE","Arkansas",2020-08-02,"4008","283","NA","NA","3007","221","9319","3044","NA","NA","NA","NA","NA","NA",NA,57,NA,"HIFLD Prison Dataset"
"237","Prison","CUMMINS UNIT PRISON","Arkansas",2020-08-02,"NA","NA","5","NA","NA","NA","NA","NA","NA","NA","NA","NA","NA","NA",10000085,56,1899,"HIFLD Prison Dataset"
"238","Prison","STATEWIDE","Arkansas",2020-08-03,"4008","283","NA","NA","3007","221","9319","3044","NA","NA","NA","NA","NA","NA",NA,57,NA,"HIFLD Prison Dataset"
"239","Prison","CUMMINS UNIT PRISON","Arkansas",2020-08-03,"NA","NA","5","NA","NA","NA","NA","NA","NA","NA","NA","NA","NA","NA",10000085,56,1899,"HIFLD Prison Dataset"
"240","Prison","STATEWIDE","Arkansas",2020-08-04,"4008","283","NA","NA","3007","221","9319","3044","NA","NA","NA","NA","NA","NA",NA,57,NA,"HIFLD Prison Dataset"
"241","Prison","CUMMINS UNIT PRISON","Arkansas",2020-08-04,"NA","NA","5","NA","NA","NA","NA","NA","NA","NA","NA","NA","NA","NA",10000085,56,1899,"HIFLD Prison Dataset"
"242","Prison","STATEWIDE","Arkansas",2020-08-05,"4008","283","NA","NA","3007","221","9319","3044","NA","NA","NA","NA","NA","NA",NA,57,NA,"HIFLD Prison Dataset"
"243","Prison","CUMMINS UNIT PRISON","Arkansas",2020-08-05,"NA","NA","5","NA","NA","NA","NA","NA","NA","NA","NA","NA","NA","NA",10000085,56,1899,"HIFLD Prison Dataset"
"244","Prison","STATEWIDE","Arkansas",2020-08-06,"4008","283","NA","NA","3007","221","9319","3044","NA","NA","NA","NA","NA","NA",NA,57,NA,"HIFLD Prison Dataset"
"245","Prison","CUMMINS UNIT PRISON","Arkansas",2020-08-06,"NA","NA","5","NA","NA","NA","NA","NA","NA","NA","NA","NA","NA","NA",10000085,56,1899,"HIFLD Prison Dataset"
"246","Prison","STATEWIDE","Arkansas",2020-08-07,"5622","345","NA","NA","4985","303","9525","3175","NA","NA","NA","NA","NA","NA",NA,57,NA,"HIFLD Prison Dataset"
"247","Prison","CUMMINS UNIT PRISON","Arkansas",2020-08-07,"NA","NA","5","NA","NA","NA","NA","NA","NA","NA","NA","NA","NA","NA",10000085,56,1899,"HIFLD Prison Dataset"
"248","Prison","STATEWIDE","Arkansas",2020-08-08,"5622","345","NA","NA","4985","303","9525","3175","NA","NA","NA","NA","NA","NA",NA,57,NA,"HIFLD Prison Dataset"
"249","Prison","CUMMINS UNIT PRISON","Arkansas",2020-08-08,"NA","NA","5","NA","NA","NA","NA","NA","NA","NA","NA","NA","NA","NA",10000085,56,1899,"HIFLD Prison Dataset"
"250","Prison","STATEWIDE","Arkansas",2020-08-09,"5622","345","NA","NA","4985","303","9525","3175","NA","NA","NA","NA","NA","NA",NA,57,NA,"HIFLD Prison Dataset"
"251","Prison","CUMMINS UNIT PRISON","Arkansas",2020-08-09,"NA","NA","5","NA","NA","NA","NA","NA","NA","NA","NA","NA","NA","NA",10000085,56,1899,"HIFLD Prison Dataset"
"252","Prison","STATEWIDE","Arkansas",2020-08-10,"5622","345","NA","NA","4985","303","9525","3175","NA","NA","NA","NA","NA","NA",NA,57,NA,"HIFLD Prison Dataset"
"253","Prison","CUMMINS UNIT PRISON","Arkansas",2020-08-10,"NA","NA","5","NA","NA","NA","NA","NA","NA","NA","NA","NA","NA","NA",10000085,56,1899,"HIFLD Prison Dataset"
"254","Prison","STATEWIDE","Arkansas",2020-08-11,"5622","345","NA","NA","4985","303","10684","3175","NA","NA","NA","NA","NA","NA",NA,57,NA,"HIFLD Prison Dataset"
"255","Prison","CUMMINS UNIT PRISON","Arkansas",2020-08-11,"NA","NA","5","NA","NA","NA","NA","NA","NA","NA","NA","NA","NA","NA",10000085,56,1899,"HIFLD Prison Dataset"
"256","Prison","STATEWIDE","Arkansas",2020-08-12,"5622","345","NA","NA","4985","303","10684","3175","NA","NA","NA","NA","NA","NA",NA,57,NA,"HIFLD Prison Dataset"
"257","Prison","CUMMINS UNIT PRISON","Arkansas",2020-08-12,"NA","NA","5","NA","NA","NA","NA","NA","NA","NA","NA","NA","NA","NA",10000085,56,1899,"HIFLD Prison Dataset"
"258","Prison","STATEWIDE","Arkansas",2020-08-14,"5622","345","NA","NA","4985","303","10684","3175","NA","NA","NA","NA","NA","NA",NA,57,NA,"HIFLD Prison Dataset"
"259","Prison","CUMMINS UNIT PRISON","Arkansas",2020-08-14,"NA","NA","5","NA","NA","NA","NA","NA","NA","NA","NA","NA","NA","NA",10000085,56,1899,"HIFLD Prison Dataset"
"260","Prison","STATEWIDE","Arkansas",2020-08-15,"5622","345","NA","NA","4985","303","10684","3175","NA","NA","NA","NA","NA","NA",NA,57,NA,"HIFLD Prison Dataset"
"261","Prison","CUMMINS UNIT PRISON","Arkansas",2020-08-15,"NA","NA","5","NA","NA","NA","NA","NA","NA","NA","NA","NA","NA","NA",10000085,56,1899,"HIFLD Prison Dataset"
"262","Prison","STATEWIDE","Arkansas",2020-08-16,"5622","345","NA","NA","4985","303","10684","3175","NA","NA","NA","NA","NA","NA",NA,57,NA,"HIFLD Prison Dataset"
"263","Prison","CUMMINS UNIT PRISON","Arkansas",2020-08-16,"NA","NA","5","NA","NA","NA","NA","NA","NA","NA","NA","NA","NA","NA",10000085,56,1899,"HIFLD Prison Dataset"
"264","Prison","STATEWIDE","Arkansas",2020-08-17,"5622","345","NA","NA","4985","303","9525","3175","NA","NA","NA","NA","NA","NA",NA,57,NA,"HIFLD Prison Dataset"
"265","Prison","CUMMINS UNIT PRISON","Arkansas",2020-08-17,"NA","NA","5","NA","NA","NA","NA","NA","NA","NA","NA","NA","NA","NA",10000085,56,1899,"HIFLD Prison Dataset"
"266","Prison","STATEWIDE","Arkansas",2020-08-18,"5622","345","NA","NA","4985","303","9525","3175","NA","NA","NA","NA","NA","NA",NA,57,NA,"HIFLD Prison Dataset"
"267","Prison","CUMMINS UNIT PRISON","Arkansas",2020-08-18,"NA","NA","5","NA","NA","NA","NA","NA","NA","NA","NA","NA","NA","NA",10000085,56,1899,"HIFLD Prison Dataset"
"268","Prison","STATEWIDE","Arkansas",2020-08-19,"5622","345","NA","NA","4985","303","9525","3175","NA","NA","NA","NA","NA","NA",NA,57,NA,"HIFLD Prison Dataset"
"269","Prison","CUMMINS UNIT PRISON","Arkansas",2020-08-19,"NA","NA","5","NA","NA","NA","NA","NA","NA","NA","NA","NA","NA","NA",10000085,56,1899,"HIFLD Prison Dataset"
"270","Prison","STATEWIDE","Arkansas",2020-08-20,"5038","370","NA","NA","4166","341","13035","4179","NA","NA","NA","NA","NA","NA",NA,57,NA,"HIFLD Prison Dataset"
"271","Prison","CUMMINS UNIT PRISON","Arkansas",2020-08-20,"NA","NA","5","NA","NA","NA","NA","NA","NA","NA","NA","NA","NA","NA",10000085,56,1899,"HIFLD Prison Dataset"
"272","Prison","STATEWIDE","Arkansas",2020-08-21,"5038","370","NA","NA","4166","341","13035","4179","NA","NA","NA","NA","NA","NA",NA,57,NA,"HIFLD Prison Dataset"
"273","Prison","CUMMINS UNIT PRISON","Arkansas",2020-08-21,"NA","NA","5","NA","NA","NA","NA","NA","NA","NA","NA","NA","NA","NA",10000085,56,1899,"HIFLD Prison Dataset"
"274","Prison","STATEWIDE","Arkansas",2020-08-22,"5038","370","NA","NA","4166","341","13035","4179","NA","NA","NA","NA","NA","NA",NA,57,NA,"HIFLD Prison Dataset"
"275","Prison","CUMMINS UNIT PRISON","Arkansas",2020-08-22,"NA","NA","5","NA","NA","NA","NA","NA","NA","NA","NA","NA","NA","NA",10000085,56,1899,"HIFLD Prison Dataset"
"276","Prison","STATEWIDE","Arkansas",2020-08-23,"5038","370","NA","NA","4166","341","13035","4179","NA","NA","NA","NA","NA","NA",NA,57,NA,"HIFLD Prison Dataset"
"277","Prison","CUMMINS UNIT PRISON","Arkansas",2020-08-23,"NA","NA","5","NA","NA","NA","NA","NA","NA","NA","NA","NA","NA","NA",10000085,56,1899,"HIFLD Prison Dataset"
"278","Prison","STATEWIDE","Arkansas",2020-08-24,"5038","370","NA","NA","4166","341","13035","4179","NA","NA","NA","NA","NA","NA",NA,57,NA,"HIFLD Prison Dataset"
"279","Prison","CUMMINS UNIT PRISON","Arkansas",2020-08-24,"NA","NA","5","NA","NA","NA","NA","NA","NA","NA","NA","NA","NA","NA",10000085,56,1899,"HIFLD Prison Dataset"
"280","Prison","STATEWIDE","Arkansas",2020-08-25,"5038","370","NA","NA","4166","341","13035","4179","NA","NA","NA","NA","NA","NA",NA,57,NA,"HIFLD Prison Dataset"
"281","Prison","CUMMINS UNIT PRISON","Arkansas",2020-08-25,"NA","NA","5","NA","NA","NA","NA","NA","NA","NA","NA","NA","NA","NA",10000085,56,1899,"HIFLD Prison Dataset"
"282","Prison","CUMMINS UNIT PRISON","Arkansas",2020-08-26,"NA","NA","5","NA","NA","NA","NA","NA","NA","NA","NA","NA","NA","NA",10000085,56,1899,"HIFLD Prison Dataset"
"283","Prison","STATEWIDE","Arkansas",2020-08-26,"5038","370","NA","NA","4166","341","13035","4179","NA","NA","NA","NA","NA","NA",NA,57,NA,"HIFLD Prison Dataset"
"284","Prison","STATEWIDE","Arkansas",2020-08-27,"5038","370","NA","NA","4166","341","13035","4179","NA","NA","NA","NA","NA","NA",NA,57,NA,"HIFLD Prison Dataset"
"285","Prison","CUMMINS UNIT PRISON","Arkansas",2020-08-27,"NA","NA","5","NA","NA","NA","NA","NA","NA","NA","NA","NA","NA","NA",10000085,56,1899,"HIFLD Prison Dataset"
"286","Prison","STATEWIDE","Arkansas",2020-08-28,"5038","370","NA","NA","4166","341","13035","4179","NA","NA","NA","NA","NA","NA",NA,57,NA,"HIFLD Prison Dataset"
"287","Prison","CUMMINS UNIT PRISON","Arkansas",2020-08-28,"NA","NA","5","NA","NA","NA","NA","NA","NA","NA","NA","NA","NA","NA",10000085,56,1899,"HIFLD Prison Dataset"
"288","Prison","STATEWIDE","Arkansas",2020-08-29,"5194","396","NA","NA","4675","374","16143","5067","NA","NA","NA","NA","NA","NA",NA,57,NA,"HIFLD Prison Dataset"
"289","Prison","CUMMINS UNIT PRISON","Arkansas",2020-08-29,"NA","NA","5","NA","NA","NA","NA","NA","NA","NA","NA","NA","NA","NA",10000085,56,1899,"HIFLD Prison Dataset"
"290","Prison","STATEWIDE","Arkansas",2020-08-30,"5194","396","NA","NA","4675","374","16143","5067","NA","NA","NA","NA","NA","NA",NA,57,NA,"HIFLD Prison Dataset"
"291","Prison","CUMMINS UNIT PRISON","Arkansas",2020-08-30,"NA","NA","5","NA","NA","NA","NA","NA","NA","NA","NA","NA","NA","NA",10000085,56,1899,"HIFLD Prison Dataset"
"292","Prison","STATEWIDE","Arkansas",2020-08-31,"5194","396","NA","NA","4675","374","16143","5067","NA","NA","NA","NA","NA","NA",NA,57,NA,"HIFLD Prison Dataset"
"293","Prison","CUMMINS UNIT PRISON","Arkansas",2020-08-31,"NA","NA","5","NA","NA","NA","NA","NA","NA","NA","NA","NA","NA","NA",10000085,56,1899,"HIFLD Prison Dataset"
"294","Prison","STATEWIDE","Arkansas",2020-09-01,"5194","396","NA","NA","4675","374","16143","5067","NA","NA","NA","NA","NA","NA",NA,57,NA,"HIFLD Prison Dataset"
"295","Prison","CUMMINS UNIT PRISON","Arkansas",2020-09-01,"NA","NA","5","NA","NA","NA","NA","NA","NA","NA","NA","NA","NA","NA",10000085,56,1899,"HIFLD Prison Dataset"
"296","Prison","STATEWIDE","Arkansas",2020-09-02,"5570","399","NA","NA","5119","381","16646","5114","NA","NA","NA","NA","NA","NA",NA,57,NA,"HIFLD Prison Dataset"
"297","Prison","CUMMINS UNIT PRISON","Arkansas",2020-09-02,"NA","NA","5","NA","NA","NA","NA","NA","NA","NA","NA","NA","NA","NA",10000085,56,1899,"HIFLD Prison Dataset"
"298","Prison","STATEWIDE","Arkansas",2020-09-03,"5570","399","NA","NA","5119","381","16646","5114","NA","NA","NA","NA","NA","NA",NA,57,NA,"HIFLD Prison Dataset"
"299","Prison","CUMMINS UNIT PRISON","Arkansas",2020-09-03,"NA","NA","5","NA","NA","NA","NA","NA","NA","NA","NA","NA","NA","NA",10000085,56,1899,"HIFLD Prison Dataset"
"300","Prison","STATEWIDE","Arkansas",2020-09-04,"5570","399","NA","NA","5119","381","16646","5114","NA","NA","NA","NA","NA","NA",NA,57,NA,"HIFLD Prison Dataset"
"301","Prison","CUMMINS UNIT PRISON","Arkansas",2020-09-04,"NA","NA","5","NA","NA","NA","NA","NA","NA","NA","NA","NA","NA","NA",10000085,56,1899,"HIFLD Prison Dataset"
"302","Prison","STATEWIDE","Arkansas",2020-09-05,"5570","399","NA","NA","5119","381","16646","5114","NA","NA","NA","NA","NA","NA",NA,57,NA,"HIFLD Prison Dataset"
"303","Prison","CUMMINS UNIT PRISON","Arkansas",2020-09-05,"NA","NA","5","NA","NA","NA","NA","NA","NA","NA","NA","NA","NA","NA",10000085,56,1899,"HIFLD Prison Dataset"
"304","Prison","STATEWIDE","Arkansas",2020-09-06,"5570","399","NA","NA","5119","381","16646","5114","NA","NA","NA","NA","NA","NA",NA,57,NA,"HIFLD Prison Dataset"
"305","Prison","CUMMINS UNIT PRISON","Arkansas",2020-09-06,"NA","NA","5","NA","NA","NA","NA","NA","NA","NA","NA","NA","NA","NA",10000085,56,1899,"HIFLD Prison Dataset"
"306","Prison","STATEWIDE","Arkansas",2020-09-07,"5570","399","NA","NA","5119","381","16646","5114","NA","NA","NA","NA","NA","NA",NA,57,NA,"HIFLD Prison Dataset"
"307","Prison","CUMMINS UNIT PRISON","Arkansas",2020-09-07,"NA","NA","5","NA","NA","NA","NA","NA","NA","NA","NA","NA","NA","NA",10000085,56,1899,"HIFLD Prison Dataset"
"308","Prison","STATEWIDE","Arkansas",2020-09-08,"5570","399","NA","NA","5119","381","16646","5114","NA","NA","NA","NA","NA","NA",NA,57,NA,"HIFLD Prison Dataset"
"309","Prison","CUMMINS UNIT PRISON","Arkansas",2020-09-08,"NA","NA","5","NA","NA","NA","NA","NA","NA","NA","NA","NA","NA","NA",10000085,56,1899,"HIFLD Prison Dataset"
"310","Prison","STATEWIDE","Arkansas",2020-09-09,"5570","399","NA","NA","5119","381","16646","5114","NA","NA","NA","NA","NA","NA",NA,57,NA,"HIFLD Prison Dataset"
"311","Prison","CUMMINS UNIT PRISON","Arkansas",2020-09-09,"NA","NA","5","NA","NA","NA","NA","NA","NA","NA","NA","NA","NA","NA",10000085,56,1899,"HIFLD Prison Dataset"
"312","Prison","STATEWIDE","Arkansas",2020-09-10,"5570","399","NA","NA","5119","381","16646","5114","NA","NA","NA","NA","NA","NA",NA,57,NA,"HIFLD Prison Dataset"
"313","Prison","CUMMINS UNIT PRISON","Arkansas",2020-09-10,"NA","NA","5","NA","NA","NA","NA","NA","NA","NA","NA","NA","NA","NA",10000085,56,1899,"HIFLD Prison Dataset"
"314","Prison","STATEWIDE","Arkansas",2020-09-11,"5748","399","NA","NA","5278","399","16727","5114","NA","NA","NA","NA","NA","NA",NA,57,NA,"HIFLD Prison Dataset"
"315","Prison","CUMMINS UNIT PRISON","Arkansas",2020-09-11,"NA","NA","5","NA","NA","NA","NA","NA","NA","NA","NA","NA","NA","NA",10000085,56,1899,"HIFLD Prison Dataset"
"316","Prison","STATEWIDE","Arkansas",2020-09-12,"5748","399","NA","NA","5278","399","16727","5114","NA","NA","NA","NA","NA","NA",NA,57,NA,"HIFLD Prison Dataset"
"317","Prison","CUMMINS UNIT PRISON","Arkansas",2020-09-12,"NA","NA","5","NA","NA","NA","NA","NA","NA","NA","NA","NA","NA","NA",10000085,56,1899,"HIFLD Prison Dataset"
"318","Prison","STATEWIDE","Arkansas",2020-09-13,"5748","399","NA","NA","5278","399","16727","5114","NA","NA","NA","NA","NA","NA",NA,57,NA,"HIFLD Prison Dataset"
"319","Prison","CUMMINS UNIT PRISON","Arkansas",2020-09-13,"NA","NA","5","NA","NA","NA","NA","NA","NA","NA","NA","NA","NA","NA",10000085,56,1899,"HIFLD Prison Dataset"
"320","Prison","STATEWIDE","Arkansas",2020-09-14,"5748","399","NA","NA","5278","399","16727","5114","NA","NA","NA","NA","NA","NA",NA,57,NA,"HIFLD Prison Dataset"
"321","Prison","CUMMINS UNIT PRISON","Arkansas",2020-09-14,"NA","NA","5","NA","NA","NA","NA","NA","NA","NA","NA","NA","NA","NA",10000085,56,1899,"HIFLD Prison Dataset"
"322","Prison","STATEWIDE","Arkansas",2020-09-15,"5748","399","NA","NA","5278","399","16727","5114","NA","NA","NA","NA","NA","NA",NA,57,NA,"HIFLD Prison Dataset"
"323","Prison","CUMMINS UNIT PRISON","Arkansas",2020-09-15,"NA","NA","5","NA","NA","NA","NA","NA","NA","NA","NA","NA","NA","NA",10000085,56,1899,"HIFLD Prison Dataset"
"324","Prison","STATEWIDE","Arkansas",2020-09-16,"5748","399","NA","NA","5278","399","16727","5114","NA","NA","NA","NA","NA","NA",NA,57,NA,"HIFLD Prison Dataset"
"325","Prison","CUMMINS UNIT PRISON","Arkansas",2020-09-16,"NA","NA","5","NA","NA","NA","NA","NA","NA","NA","NA","NA","NA","NA",10000085,56,1899,"HIFLD Prison Dataset"
"326","Prison","STATEWIDE","Arkansas",2020-09-18,"5950","454","NA","NA","5767","399","16928","5114","NA","NA","NA","NA","NA","NA",NA,57,NA,"HIFLD Prison Dataset"
"327","Prison","CUMMINS UNIT PRISON","Arkansas",2020-09-18,"NA","NA","10","NA","NA","NA","NA","NA","NA","NA","NA","NA","NA","NA",10000085,56,1899,"HIFLD Prison Dataset"
"328","Prison","STATEWIDE","Arkansas",2020-09-20,"5748","399","NA","NA","5278","399","16727","5114","NA","NA","NA","NA","NA","NA",NA,57,NA,"HIFLD Prison Dataset"
"329","Prison","CUMMINS UNIT PRISON","Arkansas",2020-09-20,"NA","NA","5","NA","NA","NA","NA","NA","NA","NA","NA","NA","NA","NA",10000085,56,1899,"HIFLD Prison Dataset"
"330","Prison","STATEWIDE","Arkansas",2020-09-23,"5950","454","NA","NA","5767","399","16928","5114","NA","NA","NA","NA","NA","NA",NA,57,NA,"HIFLD Prison Dataset"
"331","Prison","CUMMINS UNIT PRISON","Arkansas",2020-09-23,"NA","NA","10","NA","NA","NA","NA","NA","NA","NA","NA","NA","NA","NA",10000085,56,1899,"HIFLD Prison Dataset"
"332","Prison","STATEWIDE","Arkansas",2020-09-25,"6172","476","NA","NA","5804","399","17150","5114","NA","NA","NA","NA","NA","NA",NA,57,NA,"HIFLD Prison Dataset"
"333","Prison","CUMMINS UNIT PRISON","Arkansas",2020-09-25,"NA","NA","5","NA","NA","NA","NA","NA","NA","NA","NA","NA","NA","NA",10000085,56,1899,"HIFLD Prison Dataset"
"334","Prison","STATEWIDE","Arkansas",2020-09-29,"6172","476","NA","NA","5804","399","17150","5114","NA","NA","NA","NA","NA","NA",NA,57,NA,"HIFLD Prison Dataset"
"335","Prison","CUMMINS UNIT PRISON","Arkansas",2020-09-29,"NA","NA","5","NA","NA","NA","NA","NA","NA","NA","NA","NA","NA","NA",10000085,56,1899,"HIFLD Prison Dataset"
"336","Prison","STATEWIDE","Arkansas",2020-10-01,"6172","476","NA","NA","5804","399","17150","5114","NA","NA","NA","NA","NA","NA",NA,57,NA,"HIFLD Prison Dataset"
"337","Prison","CUMMINS UNIT PRISON","Arkansas",2020-10-01,"NA","NA","5","NA","NA","NA","NA","NA","NA","NA","NA","NA","NA","NA",10000085,56,1899,"HIFLD Prison Dataset"
"338","Prison","STATEWIDE","Arkansas",2020-10-03,"6172","476","NA","NA","5804","399","17150","5114","NA","NA","NA","NA","NA","NA",NA,57,NA,"HIFLD Prison Dataset"
"339","Prison","CUMMINS UNIT PRISON","Arkansas",2020-10-03,"NA","NA","5","NA","NA","NA","NA","NA","NA","NA","NA","NA","NA","NA",10000085,56,1899,"HIFLD Prison Dataset"
"340","Prison","STATEWIDE","Arkansas",2020-10-05,"6172","476","NA","NA","5804","399","17150","5114","NA","NA","NA","NA","NA","NA",NA,57,NA,"HIFLD Prison Dataset"
"341","Prison","CUMMINS UNIT PRISON","Arkansas",2020-10-05,"NA","NA","5","NA","NA","NA","NA","NA","NA","NA","NA","NA","NA","NA",10000085,56,1899,"HIFLD Prison Dataset"
"342","Prison","STATEWIDE","Arkansas",2020-10-07,"6451","83","NA","NA","6047","NA","17429","NA","NA","NA","NA","NA","NA","NA",NA,57,NA,"HIFLD Prison Dataset"
"343","Prison","CUMMINS UNIT PRISON","Arkansas",2020-10-07,"NA","NA","5","NA","NA","NA","NA","NA","NA","NA","NA","NA","NA","NA",10000085,56,1899,"HIFLD Prison Dataset"
"344","Prison","STATEWIDE","Arkansas",2020-10-11,"6451","83","NA","NA","6047","NA","17429","NA","NA","NA","NA","NA","NA","NA",NA,57,NA,"HIFLD Prison Dataset"
"345","Prison","CUMMINS UNIT PRISON","Arkansas",2020-10-11,"NA","NA","5","NA","NA","NA","NA","NA","NA","NA","NA","NA","NA","NA",10000085,56,1899,"HIFLD Prison Dataset"
"346","Prison","STATEWIDE","Arkansas",2020-10-12,"6451","83","NA","NA","6047","NA","17429","NA","NA","NA","NA","NA","NA","NA",NA,57,NA,"HIFLD Prison Dataset"
"347","Prison","CUMMINS UNIT PRISON","Arkansas",2020-10-12,"NA","NA","5","NA","NA","NA","NA","NA","NA","NA","NA","NA","NA","NA",10000085,56,1899,"HIFLD Prison Dataset"
